1|시편 1편|복 있는 사람은 악인들의 꾀를 따르지 아니하며 죄인들의 길에 서지 아니하며 
1|시편 1편|오만한 자들의 자리에 앉지 아니하고 
1|시편 1편|오직 여호와의 율법을 즐거워하여 
1|시편 1편|그의 율법을 주야로 묵상하는도다 
1|시편 1편|그는 시냇가에 심은 나무가 철을 따라 열매를 맺으며 
1|시편 1편|그 잎사귀가 마르지 아니함 같으니 그가 하는 모든 일이 다 형통하리로다 
1|시편 1편|악인들은 그렇지 아니함이여 
1|시편 1편|오직 바람에 나는 겨와 같도다 
1|시편 1편|그러므로 악인들은 심판을 견디지 못하며 
1|시편 1편|죄인들이 의인들의 모임에 들지 못하리로다 
1|시편 1편|(다같이) 무릇 의인들의 길은 여호와께서 인정하시나 악인들의 길은 망하리로다 (1-6) 
2|시편 2편|어찌하여 이방 나라들이 분노하며 민족들이 헛된 일을 꾸미는가 
2|시편 2편|세상 군왕들이 나서며 관원들이 서로 꾀하여 
2|시편 2편|여호와와 그의 기름 부음 받은 자를 대적하며 
2|시편 2편|우리가 그들의 맨 것을 끊고 그의 결박을 벗어 버리자 하는도다 
2|시편 2편|하늘에 계신 이가 웃으심이여 
2|시편 2편|주께서 그들을 비웃으시리로다 
2|시편 2편|그 때에 분을 발하며 진노핫 그들을 놀라게 하여 이르시기를 
2|시편 2편|내가 나의 왕을 내 거룩한 산 시온에 세웠다 하시리로다 
2|시편 2편|내가 여호와의 명령을 전하노라 여호와께서 내게 이르시되 
2|시편 2편|너는 내 아들이라 오늘 내가 너를 낳았도다 
2|시편 2편|내게 구하라 내가 이방 나라를 네 유업으로 주리니 
2|시편 2편|네 소유가 땅 끝까지 이르리로다 (1-8) 
3|시편 4편|내 의의 하나님이여 내가 부를 때에 응답하노서 곤란 중에 나를 너그럽게 하셨사오니 
3|시편 4편|내게 은혜를 베푸사 나의 기도를 들으소서 
3|시편 4편|인생들아 어느 때까지 나의 영광을 바꾸어 욕되게 하며 
3|시편 4편|헛된 일을 좋아하고 거짓을 구하려는가 
3|시편 4편|여호와께서 자기를 위하여 경건한 자를 택하신 줄 너희가 알지어다 
3|시편 4편|내가 그를 부를 때에 여호와께서 들으시리로다 
3|시편 4편|너희는 떨며 범죄하지 말지어다 자리에 누워 심중에 말하고 잠잠할지어다 
3|시편 4편|의의 제사를 드리고 여호와를 의지할지어다 
3|시편 4편|여러 사람의 말이 우리에게 선을 보일 자 누구뇨 하오니 
3|시편 4편|여호와여 주의 얼굴을 들어 우리에게 비추소서 
3|시편 4편|주께서 내 마음에 두신 기쁨은 
3|시편 4편|그들의 곡식과 새 포도주가 풍성할 때보다 더하니이다 
3|시편 4편|내가 평안히 눕고 자기도 하리니 
3|시편 4편|나를 안전히 살게 하시는 이는 오직 여호와이시니이다(1-8) 
4|시편 5편|여호와여 나의 말에 귀를 기울이사 나의 심정을 헤아려 주소서 
4|시편 5편|나의 왕, 나의 하나님이여 내가 부르짖는 소리를 들으소서 내가 주께 기도하나이 다 
4|시편 5편|여호와여 아침에 주께서 나의 소리를 들으시리니 아침에 내가 주께 기도하고 바라리이다 
4|시편 5편|주는 죄악을 기뻐하는 신이 아니시니 악이 주와 함께 머물지 못하며 
4|시편 5편|오만한 자들이 주의 목전에 서지 못하리이다 주는 모든 행악자를 미워하시며 
4|시편 5편|거짓말하는 자들을 멸망시키시리이다 여호와께서는 피 흘리기를 즐기는 자와 속이 는 자를 싫어하시나이다 
4|시편 5편|오직 나는 주의 풍성한 사랑을 힘입어 주의 집에 들어가 주를 경외함으로 성전을 향하여 예배하리이다 
4|시편 5편|여호와여 나의 원수들로 말미암아 주의 의로 나를 인도하시고 주의 길을 내 목전 에 곧게 하소서(1-8) 
5|시편 8편|여호와 우리 주여 주의 이름이 온 땅에 어찌 그리 아름다운지요 
5|시편 8편|주의 영광이 하늘을 덮었나이다 
5|시편 8편|주의 대적으로 말미암아 어린 아이들과 젖먹이들의 입으로 권능을 세우심이여 
5|시편 8편|이는 원수들과 보복자들을 잠잠하게 하려 하심이니이다 
5|시편 8편|주의 손가락으로 만드신 주의 하늘과 
5|시편 8편|주께서 베풀어 두신 달과 별들을 내가 보오니 
5|시편 8편|사람이 무엇이기에 주께서 그를 생각하시며 
5|시편 8편|인자가 무엇이기에 주께서 그를 돌보시나이까 
5|시편 8편|그를 하나님보다 조금 못하게 하시고 
5|시편 8편|영화와 존귀로 관을 씌우셨나이다 
5|시편 8편|주의 손으로 만드신 것을 다스리게 하시고 만물을 그의 발 아래 두셨으니 
5|시편 8편|곧 모든 소와 양과 들짐승이며 공중의 새와 바다의 물고기와 바닷길에 다니는 것이니이다 
5|시편 8편|(다같이) 여호와 우리 주여 주의 이름이 온 땅에 어찌 그리 아름다운지요(1-9) 
6|시편 10편|여호와여 일어나옵소서 하나님이여 손을 드옵소서 가난한 자들을 잊지 마옵소서 
6|시편 10편|어찌하여 악인이 하나님을 멸시하여 그의 마음에 이르기를 주는 감찰하지 아니하리라 하나이까 
6|시편 10편|주께서는 보셨나이다 주는 재앙과 원한을 감찰하시고 주의 손으로 갚으려 하시오니 
6|시편 10편|외로운 자가 주를 의지하나이다 주는 벌써부터 고아를 도우시는 이시니이다 
6|시편 10편|악인의 팔을 꺽으소서 악한 자의 악을 더 이상 찾아낼 수 없을 때까지 찾으소서 
6|시편 10편|여호와께서는 영원무궁토록 왕이시니 이방 나라들이 주의 땅에서 멸망하였나이다 
6|시편 10편|여호와여 주는 겸손한 자의 소원을 들으셨사오니 
6|시편 10편|그들의 마음을 준비하시며 귀를 귀울여 들으시고 
6|시편 10편|고아와 압제당하는 자를 위하여 심판하사 
6|시편 10편|세상에 속한 자가 다시는 위협하지 못하게 하시리이다(12-18) 
7|시편 13편|여호와여 어느 때까지니이까 나를 영원히 잊으시나이까 
7|시편 13편|주의 얼굴을 나에게서 어느 때까지 숨기시겠나이까 
7|시편 13편|나의 영혼이 번민하고 종일토록 마음에 근심하기를 어느 때까지 하오며 
7|시편 13편|내 원수가 나를 치며 자랑하기를 어느 때까지 하리이까 
7|시편 13편|여호와 내 하나님이여 나를 생각하사 응답하시고 나의 눈을 밝히소서 
7|시편 13편|두렵건대 내가 사망의 잠을 잘까 하오며 
7|시편 13편|두렵건대 나의 원수가 이르기를 내가 그를 이겼다 할까 하오며 
7|시편 13편|내가 흔들릴 때에 나의 대적들이 기뻐할까 하나이다 
7|시편 13편|나는 오직 주의 사랑을 의지하였사오니 
7|시편 13편|나의 마음은 주의 구원을 기뻐하리이다 
7|시편 13편|(다같이) 내가 여호와를 찬송하리니 이는 주께서 내게 은덕을 베푸심이로다(1-6) 
8|시편 14편|어리석은 자는 그의 마음에 이르기를 하나님이 없다 하는도다 
8|시편 14편|그들은 부패하고 그 행실이 가증하니 선을 행하는 자가 없도다 
8|시편 14편|여호와께서 하늘에서 인생을 굽어살피사 지각이 있어 하나님을 찾는 자가 있는가 보려하신즉 
8|시편 14편|다 치우쳐 함께 더러운 자가 되고 선을 행하는 자가 없으니 하나도 없도다 
8|시편 14편|죄악을 행하는 자는 다 무지하냐 그들이 떡 먹듯이 내 백성을 먹으면서 여호와를 부르지 아니하는도다 
8|시편 14편|그러나 거기서 그들은 두려워하고 두려워하였으니 하나님이 의인의 세대에 계심이로다 
8|시편 14편|너희가 가난한 자의 계획을 부끄럽게 하나 오직 여호와는 그의 피난처가 되시도다 
8|시편 14편|이스라엘의 구원이 시온에서 나오기를 원하도다 
8|시편 14편|(다같이) 여호와께서 그의 백성을 포로된 곳에서 돌이키실 때에 야곱이 즐거워하고 이스라엘이 기뻐하리로다(1-7) 
9|시편 15편|여호와여 주의 장막에 머무를 자 누구오며 
9|시편 15편|주의 성산에 사는 자 누구오니이까 
9|시편 15편|정직하게 행하며 공의를 실천하며 
9|시편 15편|그의 마음에 진실을 말하며 
9|시편 15편|그의 혀로 남을 허물하지 아니하고 그의 이웃에게 악을 행하지 아니하며 
9|시편 15편|그의 이웃을 비방하지 아니하며 
9|시편 15편|그의 눈은 망령된 자를 멸시하며 
9|시편 15편|여호와를 두려워하는 자들을 존대하며 
9|시편 15편|그의 마음에 서원한 것을 해로울지라도 변하지 아니하며 
9|시편 15편|이자를 받으려고 돈을 꾸어 주지 아니하며 
9|시편 15편|뇌물을 받고 무죄한 자를 해하지 아니하는 자이니 
9|시편 15편|이런 일을 행하는 자는 영원히 흔들리지 아니하리이다(1-5) 
10|시편 16편|하나님이여 나를 지켜 주소서 내가 주께 피하나이다 
10|시편 16편|내가 여호와께 아뢰되 주는 나의 주님이시오니 주 밖에는 나의 복이 없다 하였나이다 
10|시편 16편|땅에 있는 성도들은 존귀한 자들이니 나의 모든 즐거움이 그들에게 있도다 
10|시편 16편|다른 신에게 예물을 드리는 자는 괴로움이 더할 것이라 
10|시편 16편|나는 그들이 드리는 피의 전제를 드리지 아니하며 
10|시편 16편|내 입술로 그 이름도 부르지 아니하리로다 
10|시편 16편|여호와는 나의 산업과 나의 잔의 소득이시니 나의 분깃을 지키시나이다 
10|시편 16편|내게 줄로 재어 준 구역은 아름다운 곳에 있음이여 나의 기업이 실로 아름답도다 
10|시편 16편|나를 훈계하신 여호와를 송축할지라 
10|시편 16편|밤마다 내 양심이 나를 교훈하도다 
10|시편 16편|내가 여호와를 항상 내 앞에 모심이여 
10|시편 16편|그가 나의 오른쪽에 계시므로 내가 흔들리지 아니하리로다(1-8) 
11|시편 17편|여호와여 의의 호소를 들으소서 나의 울부짖음에 주의하소서 
11|시편 17편|거짓 되지 아니한 입술에서 나오는 나의 기도에 귀를 기울이소서 
11|시편 17편|주께서 나를 판단하시며 주의 눈으로 공평함을 살피소서 
11|시편 17편|주께서 내 마음을 시험하시고 밤에 내게 오시어서 나를 감찰하셨으나 
11|시편 17편|흠을 찾지 못하셨사오니 내가 결심하고 입으로 범죄하지 아니하리이다 
11|시편 17편|사람의 행사로 논하면 나의 주의 입술의 말씀을 따라 스스로 삼가서 
11|시편 17편|포악한 자의 길을 가지 아니하였사오며 
11|시편 17편|나의 걸음이 주의 길을 굳게 지키고 실족하지 아니하였나이다 
11|시편 17편|하나님이여 내게 응답하시겠으므로 내가 불렀사오니 
11|시편 17편|내게 귀를 기울여 내 말을 들으소서 
11|시편 17편|주께 피하는 자들을 그 일어나 치는 자들에게서 오른손으로 구원하시는 주여 
11|시편 17편|주의 기이한 사랑을 나타내소서(1-7) 
12|시편 19편|하늘이 하나님의 영광을 선포하고 
12|시편 19편|궁창이 그의 손으로 하신 일을 나타내는도다 
12|시편 19편|날은 날에게 말하고 밤은 밤에게 지식을 전하니 언어도 없고 말씀도 없으며 들리는 소리도 없으나 
12|시편 19편|그의 소리가 온 땅에 통하고 그의 말씀이 세상 끝까지 이르도다(1-4상) 
12|시편 19편|여호와의 율법은 완전하여 영혼을 소성시키며 
12|시편 19편|여호와의 증거는 확실하여 우둔한 자를 지혜롭게 하며 
12|시편 19편|여호와의 교훈은 정직하여 마음을 기쁘게 하고 
12|시편 19편|여호와의 계명은 순결하여 눈을 밝게 하시도다 
12|시편 19편|여호와를 경외하는 도는 정결하여 영원까지 이르고 
12|시편 19편|여호와의 법도 진실하여 다 의로우니 
12|시편 19편|(다같이) 금 곧 많은 순금보다 더 사모할 것이며 꿀과 송이꿀보다 더 달도다(7-10) 
13|시편 23편|여호와는 나의 목자시니 
13|시편 23편|내게 부족함이 없으리로다 
13|시편 23편|그가 나를 푸른 풀밭에 누이시며 
13|시편 23편|쉴 만한 물 가로 인도하시는도다 
13|시편 23편|내 영혼을 소생시키시고 
13|시편 23편|자기 이름을 위하여 의의 길로 인도하시는도다 
13|시편 23편|내가 사망의 음침한 골짜기로 다닐지라도 해를 두려워하지 않을 것은 
13|시편 23편|주께서 나와 함께 하심이라 주의 지팡이와 막대기가 나를 안위하시나이다 
13|시편 23편|주께서 내 원수의 목전에서 내게 상을 차려 주시고 
13|시편 23편|기름을 내 머리에 부으셨으니 내 잔이 넘치나이다 
13|시편 23편|내 평생에 선하심과 인자하심이 반드시 나를 따르리니 
13|시편 23편|내가 여호와의 집에 영원히 살리로다(1-6) 
14|시편 24편|땅과 거기에 충만한 것과 세계와 그 가운데에 사는 자들은 다 여호와의 것이로다 
14|시편 24편|여호와께서 그 터를 바다 위에 세우심이여 강들 위에 건설하셨도다 
14|시편 24편|여호와의 산에 오를 자가 누구며 그의 거룩한 곳에 설 자가 누구인가 
14|시편 24편|곧 손이 깨끗하며 마음이 청결하며 뜻을 허탄한 데에 두지 아니하며 거짓 맹세하지 아니하는 자로다 
14|시편 24편|그는 여호와께 복을 받고 구원의 하나님께 의를 얻으리니 
14|시편 24편|이는 여호와를 찾는 족속이요 야곱의 하나님의 얼굴을 구하는 자로다 
14|시편 24편|문들아 너희 머리를 들지어다 영원한 문들아 들릴지어다 영광의 왕이 들어가리로다 
14|시편 24편|영광의 왕이 누구시냐 강하고 능한 여호와시오 전쟁에 능한 여호와시로다 
14|시편 24편|문들아 너희 머리를 들지어다 영원한 문들아 들릴지어다 영광의 왕이 들어가시리로다 
14|시편 24편|영광의 왕이 누구시냐 만군의 여호와께서 곧 영광의 왕이시로다(1-10) 
15|시편 27편|여호와는 나의 빛이요 나의 구원이시니 내가 누구를 두려워하리요 
15|시편 27편|여호와는 내 생명의 능력이시니 내가 누구를 무서워하리요 
15|시편 27편|악인들이 내 살을 먹으려고 내게로 왔으나 
15|시편 27편|나의 대적들, 나의 원수들인 그들은 실족하여 넘어졌도다 
15|시편 27편|군대가 나를 대적하여 진 칠지라도 내 마음이 두렵지 아니하며 
15|시편 27편|전쟁이 일어나 나를 치려 할지라도 나는 여전히 태연하리로다 
15|시편 27편|내가 여호와께 바라는 한 가지 일 그것을 구하리니 곧 내가 내 평생에 여호와의 집에 살면서 
15|시편 27편|여호와의 아름다움을 바라보며 그의 성전에서 사모하는 그것이라 
15|시편 27편|여호와께서 환난 날에 나를 그의 초막 속에 비밀히 지키시고 
15|시편 27편|그의 장막 은밀한 곳에 나를 숨기시며 높은 바위 위에 두시리로다 
15|시편 27편|이제 내 머리가 나를 둘러싼 내 원수 위에 들리리니 
15|시편 27편|내가 그의 장막에서 즐거운 제사를 드리겠고 노래하며 여호와를 찬송하리로다(1-6) 
16|시편 29편|여호와여 내가 주께 부르짖으오니 나의 반석이여 내게 귀를 막지 마소서 
16|시편 29편|주께서 내게 잠잠하시면 내가 무덤에 내려가는 자와 같을까 하나이다 
16|시편 29편|내가 주의 지성소를 향하여 나의 손을 들고 주께 부르짖을 때에 
16|시편 29편|나의 간구하는 소리를 들으소서 
16|시편 29편|악인과 악을 행하는 자들과 함께 나를 끌어내지 마옵소서 
16|시편 29편|그들은 그 이웃에게 화평을 말하나 그들의 마음에는 악독이 있나이다(1-3) 
16|시편 29편|그들은 여호와께서 행하신 일과 손으로 지으신 것을 생각하지 아니하므로 
16|시편 29편|여호와께서 그들을 파괴하고 건설하지 아니하시리로다 
16|시편 29편|여호와를 찬송함이여 
16|시편 29편|내 간구하는 소리를 들으심이로다 
16|시편 29편|여호와는 나의 힘과 나의 방패이시니 
16|시편 29편|내 마음이 그를 의지하여 도움을 얻었도다(5-7상) 
16|시편 29편|(다같이) 여호와는 그들의 힘이시오 그의 기름 부음 받은 자의 구원의 요새이시로다(8) 
17|시편 29편|너희 권능 있는 자들아 영광과 능력을 여호와께 돌리고 돌릴지어다 
17|시편 29편|여호와께 그의 이름에 합당한 영광을 돌리며 거룩한 옷을 입고 여호와께 예배할지어다 
17|시편 29편|여호와의 소리가 물 위에 있도다 영광의 하나님이 우렛소리를 내시니 여호와는 많은 물 위에 계시도다 
17|시편 29편|여호와의 소리가 힘 있음이여 여호와의 소리가 위엄차도다 
17|시편 29편|여호와의 소리가 백향목을 꺾으심이여 여호와께서 레바논 백향목을 꺾어 부수시도다 
17|시편 29편|그 나무를 송아지같이 뛰게 하심이여 레바논과 시룐으로 들송아지같이 뛰게 하시도다 
17|시편 29편|여호와의 소리가 화염을 가르시도다 
17|시편 29편|여호와의 소리가 광야를 진동하심이여 여호와께서 가데스 광야를 진동시키시도다 
17|시편 29편|여호와의 소리가 암사슴을 낙태하게 하시고 삼림을 말갛게 벗기시니 
17|시편 29편|그의 성전에서 그의 모든 것들이 말하기를 영광이라 하도다 
17|시편 29편|여호와께서 홍수 때에 좌정하셨음이여 여호와께서 영원하도록 왕으로 좌정하시도다 
17|시편 29편|여호와께서 자기 백성에게 힘을 주심이여 여호와께서 자기 백성에게 평강의 복을 주시리로다(1-11) 
18|시편 31편|여호와여 내가 주께 피하오니 나를 영원히 부끄럽게 하지 마시고 주의 공의로 나를 건지소서 
18|시편 31편|내가 귀를 기울여 속히 건지시고 내게 견고한 바위와 구원하는 산성이 되소서 
18|시편 31편|주는 나의 반석과 산성이시니 그러므로 주의 이름을 생각하셔서 나를 인도하시고 지도하소서 
18|시편 31편|그들이 나를 위하여 비밀히 친 그물에서 빼내소서 주는 나의 산성이시니이다 
18|시편 31편|내가 나의 영을 주의 손에 부탁하나이다 진리의 하나님 여호와여 나를 속량하셨나이다 
18|시편 31편|내가 허탄한 거짓을 숭상하는 자들을 미워하고 여호와를 의지하나이다 
18|시편 31편|내가 주의 인자하심을 기뻐하며 즐거워할 것은 주께서 나의 고난을 보시고 환난 중에 있는 내 영혼을 아셨으며 
18|시편 31편|나를 원수의 수중에 가두지 아니하셨고 내 발을 넓은 곳에 세우셨음이니이다(1-8) 
19|시편 32편|허물의 사함을 받고 자신의 죄가 가려진 자는 복이 있도다 
19|시편 32편|마음에 간사함이 없고 여호와께 정죄를 당하지 아니하는 자는 복이 있도다 
19|시편 32편|내가 입을 열지 아니할 때에 종일 신음하므로 내 뼈가 쇠하였도다 
19|시편 32편|주의 손이 주야로 나를 누르시오니 내 진액이 빠져서 여름 가뭄에 마름같이 되었나이다
19|시편 32편|주께 내 죄를 아뢰고 내 죄악을 숨기지 아니하였더니 
19|시편 32편|곧 주께서 내 죄악을 사하셨나이다 
19|시편 32편|이로 말미암아 모든 경건한 자는 주를 만날 기회를 얻어서 주께 기도할지라 
19|시편 32편|진실로 홍수가 범람할지라도 그에게 미치지 못하리이다 
19|시편 32편|주는 나의 은신처이오니 환난에서 나를 보호하시고 
19|시편 32편|구원의 노래로 나를 두르시리이다(5하-7) 
19|시편 32편|너희 의인들아 여호와를 기뻐하며 즐거워할지어다 
19|시편 32편|마음이 정직한 너희들아 다 즐거이 외칠지어다(11) 
20|시편 33편|너희 의인들아 여호와를 즐거워하라 찬송은 정직한 자들이 마땅히 할 바로다 
20|시편 33편|수금으로 여호와께 감사하고 열 줄 비파로 찬송할지어다 
20|시편 33편|새 노래로 그를 노래하며 즐거운 소리로 아름답게 연주할지어다 
20|시편 33편|여호와의 말씀은 정직하며 그가 행하시는 일은 다 진실하시도다 
20|시편 33편|그는 공의와 정의를 사랑하심이여 세상에는 여호와의 인자하심이 충만하도다 
20|시편 33편|여호와의 말씀으로 하늘이 지음이 되었으며 그 만상을 그의 입 기운으로 이루었도다 
20|시편 33편|그가 바닷물을 모아 무더기같이 쌓으시며 깊은 물을 곳간에 두시도다 
20|시편 33편|온 땅은 여호와를 두려워하며 세상의 모든 거민들은 그를 경외할지어다(1-8) 
21|시편 34편|내가 여호와를 항상 송축함이여 내 입술로 항상 주를 찬양하리이다 
21|시편 34편|내 영혼이 여호와를 자랑하리니 곤고한 자들이 이를 듣고 기뻐하리로다 
21|시편 34편|나와 함께 여호와를 광대하시다 하며 함께 그의 이름을 높이세 
21|시편 34편|내가 여호와께 간구하매 내게 응답하시고 내 모든 두려움에서 나를 건지셨도다(1-4) 
21|시편 34편|이 곤고한 자가 부르짖으매 여호와께서 들으시고 그의 모든 환난에서 구원하셨도다 
21|시편 34편|여호와의 천사가 주를 경외하는 자를 둘러 진 치고 그들을 건지시는도다 
21|시편 34편|너희는 여호와의 선하심을 맛보아 알지어다 그에게 피하는 자는 복이 있도다 
21|시편 34편|너희 성도들아 여호와를 경외하라 그를 경외하는 자에게는 부족함이 없도다 
21|시편 34편|(다같이) 젊은 사자는 궁핍하여 주릴지라도 여호와를 찾는 자는 모든 좋은 것에 부족함이 없으리로다(6-10) 
22|시편 37편|악을 행하는 자들 때문에 불평하지 말며 불의를 행하는 자들을 시기하지 말지어다 
22|시편 37편|그들은 풀과 같이 속히 베임을 당할 것이며 푸른 채소같이 쇠잩할 것임이로다 
22|시편 37편|여호와를 의뢰하고 선을 행하라 땅에 머무는 동안 그의 성실을 먹을 거리로 삼을지어다 
22|시편 37편|또 여호와를 기뻐하라 그가 네 마음의 소원을 네게 이루어 주시리로다 
22|시편 37편|네 길을 여호와께 맡기라 그를 의지하면 그가 이루시고 
22|시편 37편|네 의를 빛같이 나타내시며 네 공의를 정오의 빛같이 하시리로다 
22|시편 37편|여호와 앞에 잠잠하고 참고 기다리라 
22|시편 37편|자기 길이 형통하며 악한 꾀를 이루는 자 때문에 불평하지 말지어다 
22|시편 37편|(다같이) 분을 그치고 노를 버리며 불평하지 말라 오히려 악을 만들 뿐이라(1-8)   
23|시편 43편|하나님이여 나를 판단하시되 경건하지 아니한 나라에 대하여 내 송사를 변호하시며 
23|시편 43편|간사하고 불의한 자에게서 나를 건지소서 
23|시편 43편|주는 나의 힘이 되신 하나님이시거늘 어찌하여 나를 버리셨나이까 
23|시편 43편|내가 어찌하여 원수의 억압으로 말미암아 슬프게 다니나이까 
23|시편 43편|주의 빛과 주의 진리를 보내시어 나를 인도하시고 
23|시편 43편|주의 거룩한 산과 주께서 계시는 곳에 이르게 하소서 
23|시편 43편|그런즉 내가 하나님의 제단에 나아가 나의 큰 기쁨의 하나님께 이르리이다 
23|시편 43편|하나님이여 나의 하나님이여 내가 수금으로 주를 찬양하리이다 
23|시편 43편|내 영혼아 네가 어찌하여 낙심하며 어찌하여 내 속에서 불안해하는가 
23|시편 43편|너는 하나님께 소망을 두라 그가 나타나 도우심으로 말미암아 내 하나님을 여전히 찬송하리로다(1-5) 
24|시편 46편|하나님은 우리의 피난처시오 힘이시니 
24|시편 46편|환난 중에 만날 큰 도움이시라 
24|시편 46편|그러므로 땅이 변하든지 산이 흔들려 바다 가운데에 빠지든지 바닷물이 솟아나고 뛰놀든지 
24|시편 46편|그것이 넘침으로 산이 흔들릴지라도 우리는 두려워하지 아니하리로다 
24|시편 46편|한 시내가 있어 나뉘어 흘러 하나님의 성 곧 지존하신 이의 성소를 기쁘게 하도다 
24|시편 46편|하나님이 그 성 중에 계시매 성이 흔들리지 아니할 것이라 새벽에 하나님이 도우시리로다
24|시편 46편|그가 땅 끝까지 전쟁을 쉬게 하심이여 
24|시편 46편|활을 꺾고 창을 끊으며 수레를 불사르시는도다 
24|시편 46편|이르시기를 너희는 가만히 있어 내가 하나님 됨을 알지어다 
24|시편 46편|내가 뭇 나라 중에서 높임을 받으리라 내가 세계 중에서 높임을 받으리라 하시도다 
24|시편 46편|만군의 여호와께서 우리와 함께하시니 
24|시편 46편|야곱의 하나님은 우리의 피난처시로다(9-11) 
25|시편 47편|너희 만민들아 손바닥을 치고 즐거운 소리로 하나님께 외칠지어다 
25|시편 47편|지존하신 여호와는 두려우시고 온 땅에 큰 왕이 되심이로다 
25|시편 47편|여호와께서 만민을 우리에게, 나라들을 우리 발 아래에 복종하게 하시며 
25|시편 47편|우리를 위하여 기업을 택하시나니 곧 사랑하신 야곱의 영화로다 
25|시편 47편|하나님께서 즐거운 함성 중에 올라가심이여 여호와께서 나팔 소리 중에 올라가시도다 
25|시편 47편|찬송하라 하나님을 찬송하라 찬송하라 우리 왕을 찬송하라 
25|시편 47편|하나님은 온 땅의 왕이심이라 지혜의 시로 찬송할지어다 
25|시편 47편|하나님은 뭇 백성을 다스리시며 하나님이 그의 거룩한 보좌에 앉으셨도다 
25|시편 47편|뭇 나라의 고관들이 모임이여 아브라함의 하나님의 백성이 되도다 
25|시편 47편|세상의 모든 방패는 하나님의 것임이여 그는 높임을 받으시리로다(1-9) 
26|시편 50편|내 백성아 들을지어다 내가 말하리라 이스라엘아 내가 네게 증언하리라 나는 하나님 
26|시편 50편|곧 네 하나님이로다 
26|시편 50편|나는 네 제물 때문에 너를 책망하지는 아니하리니 네 번제가 항상 내 앞에 있음이로다 
26|시편 50편|내가 네 집에서 수소나 네 우리에서 숫염소를 가져가지 아니하리니 
26|시편 50편|이는 삼림의 짐승들과 뭇 산의 가축이 다 내 것이며 
26|시편 50편|산의 모든 새들도 내가 아는 것이며 들의 짐승도 내 것임이로다 
26|시편 50편|내가 가령 주려도 네게 이르지 아니할 것은 세계와 거기에 충만한 것이 내 것임이로다 
26|시편 50편|내가 수소의 고기를 먹으며 염소의 피를 마시겠느냐 
26|시편 50편|감사로 하나님께 제사를 드리며 지존하신 이게게 네 서원을 갚으며 
26|시편 50편|(다같이)환난 날에 나를 부르라 내가 너를 건지리니 네가 나를 영화롭게 하리로다(7-15)
27|시편 51편|하나님이여 주의 인자를 따라 내게 은혜를 베푸시며 
27|시편 51편|주의 많은 긍휼을 따라 내 죄악을 지워 주소서 
27|시편 51편|나의 죄악을 말갛게 씻으시며 나의 죄를 깨끗이 제하소서 
27|시편 51편|무릇 나는 내 죄과를 아오니 내 죄가 항상 내 앞에 있나이다 
27|시편 51편|내가 주께만 범죄하여 주의 목전에 악을 행하였사오니 
27|시편 51편|주께서 말씀하실 때에 의로우시다 하고 주께서 심판하실 때에 순전하시다 하리이다 
27|시편 51편|내가 죄악 중에서 출생하였음이여 
27|시편 51편|어머니가 죄 중에서 나를 잉태하였나이다(1-5) 
27|시편 51편|우슬초로 나를 정결하게 하소서 내가 정하리이다 
27|시편 51편|나의 죄를 씻어 주소서 내가 눈보다 희리이다(7) 
27|시편 51편|하나님이여 내 속에 정한 마음을 창조하시고 
27|시편 51편|내 안에 정직한 영을 새롭게 하소서(10)
28|시편 63편|하나님이여 주는 나의 하나님이시라 내가 간절히 주를 찾되 
28|시편 63편|물이 없어 마르고 황폐한 땅에서 내 영혼이 주를 갈망하며 내 육체가 주를 앙모하나이다 
28|시편 63편|내가 주의 권능과 영광을 보기 위하여 
28|시편 63편|이와 같이 성소에서 주를 바라보았나이다 
28|시편 63편|주의 인자하심이 생명보다 나으므로 
28|시편 63편|내 입술이 주를 찬양할 것이라 
28|시편 63편|이러므로 나의 평생에 주를 송축하며 
28|시편 63편|주의 이름으로 말미암아 나의 손을 들리이다 
28|시편 63편|골수와 기름진 것을 먹음과 같이 
28|시편 63편|나의 영혼이 만족할 것이라 
28|시편 63편|나의 입이 기쁜 입술로 주를 찬송하되 내가 나의 침상에서 주를 기억하며 
28|시편 63편|새벽에 주의 말씀을 작은 소리로 읊조릴 때에 하오리니 주는 나의 도움이 되셨음이라 
28|시편 63편|(다같이) 내가 주의 날개 그늘에서 즐겁게 부르리이다(1-7)
29|시편 65편|하나님이여 찬송이 시온에서 주를 기다리오며 
29|시편 65편|사람이 서원을 주께 이행하리이다 
29|시편 65편|기도를 들으시는 주여 모든 육체가 주께 나아오리이다 
29|시편 65편|죄악이 나를 이겼사오니 우리의 허물을 주께서 사하시리이다 
29|시편 65편|주께서 택하시고 가까이 오게 하사 
29|시편 65편|주의 뜰에 살게 하신 사람은 복이 있나이다 
29|시편 65편|우리가 주의 집 곧 주의 성전의 아름다움으로 만족하리이다(1-4) 
29|시편 65편|땅을 돌보사 물을 대어 심히 윤택하게 하시며 
29|시편 65편|하나님의 강에 물이 가득하게 하시고 
29|시편 65편|이같이 땅을 예비하신 후에 그들에게 곡식을 주시나이다(9) 
29|시편 65편|초장은 양 떼로 옷 입었고 골짜기는 곡식으로 덮였으매 
29|시편 65편|그들이 다 즐거이 외치고 또 노래하나이다(13)
30|시편 67편|하나님은 우리에게 은혜를 베푸사 복을 주시고 그의 얼굴빛을 우리에게 비추사 
30|시편 67편|주의 도를 땅 위에, 주의 구원을 모든 나라에게 알리소서 
30|시편 67편|하나님이여 민족들이 주를 찬송하게 하시며 
30|시편 67편|모든 민족들이 주를 찬송하게 하소서 
30|시편 67편|온 백성은 기쁘고 즐겁게 노래할지니 
30|시편 67편|주는 민족들을 공평히 심판하시며 땅 위의 나라들을 다스리실 것임이니이다 
30|시편 67편|하나님이여 민족들이 주를 찬송하게 하시며 모든 민족으로 주를 찬송하게 하소서 
30|시편 67편|땅이 그의 소산을 내어 주었으니 하나님 곧 우리 하나님이 우리에게 복을 주시리로다 
30|시편 67편|하나님이 우리에게 복을 주시리니 
30|시편 67편|땅의 모든 끝이 하나님을 경외하리로다(1-7) 
31|시편 68편|하나님이 일어나시니 원수들은 흩어지며 
31|시편 68편|주를 미워하는 자들은 주 앞에서 도망하리이다 
31|시편 68편|연기가 불려 가듯이 그들을 몰아내소서 
31|시편 68편|불 앞에서 밀이 녹음같이 악인이 하나님 앞에서 망하게 하소서 
31|시편 68편|의인은 기뻐하여 하나님 앞에서 뛰놀며 기뻐하고 즐거워할지어다 
31|시편 68편|하나님께 노래하며 그의 이름을 찬양하라 
31|시편 68편|하늘을 타고 광야에서 행하시던 이를 위하여 대로를 수축하라 
31|시편 68편|그의 이름은 여호와이시니 그의 앞에서 뛰놀지어다 
31|시편 68편|그의 거룩한 처소에 계신 하나님은 고아의 아버지시며 과부의 재판장이시라 
31|시편 68편|하나님이 고독한 자들은 가족과 함께 살게 하시며 
31|시편 68편|갇힌 자들은 이끌어 내사 형통하게 하시느니라 
31|시편 68편|오직 거역하는 자들의 거처는 메마른 땅이로다(1-6) 
31|시편 68편|(다같이) 하나님이여 주께서 가난한 자를 위하여 주의 은택을 준비하셨나이다 
32|시편 71편|여호와여 내가 주께 피하오니 내가 영원히 수치를 당하게 하지 마소서 
32|시편 71편|주의 의로 나를 건지시며 나를 풀어 주시며 주의 귀를 내게 기울이사 나를 구원하소서 
32|시편 71편|주는 내가 항상 피하여 숨을 바위가 되소서 주께서 나를 구원하라 명령하셨으니 
32|시편 71편|이는 주게서 나의 반석이시오 나의 요새이심이니이다 
32|시편 71편|나의 하나님이여 나를 악인의 손 곧 불의한 자와 흉악한 자의 장중에서 피하게 하소서 
32|시편 71편|주 여호와여 주는 나의 소망이시오 내가 어릴 때부터 신뢰한 이시라 
32|시편 71편|내가 모태에서부터 주를 의지하였으며 나의 어머니의 배에서부터 주께서 나를 택하셨사오니 
32|시편 71편|나는 항상 주를 찬송하리이다(1-6) 
33|시편 72편|하나님이여 주의 판단력을 왕에게 주시고 주의 공의를 왕의 아들에게 주소서 
33|시편 72편|그가 주의 백성을 공의로 재판하며 주의 가난한 자를 정의로 재판하리니 
33|시편 72편|의로 말미암아 신들이 백성에게 평강을 주며 작은 산들도 그리하리로다 
33|시편 72편|그가 가난한 백성의 억울함을 풀어 주며 궁핍한 자의 자손을 구원하며 압박하는 자를 꺾으리로다 
33|시편 72편|그들이 해가 있을 동안에도 주를 두려워하며 달이 있을 동안에도 대대로 그리하리로다 
33|시편 72편|그는 벤 풀 위에 내리는 비같이, 땅을 적시는 소낙비같이 내리리니 
33|시편 72편|그의 날에 의인이 흥왕하여 평강의 풍성함이 달이 다할 때까지 이르리로다 
33|시편 72편|그가 바다에서부터 바다까지와 강에서부터 땅 끝까지 다스리리니(1-8) 
33|시편 72편|(다같이) 모든 왕이 그의 앞에 부복하며 모든 민족이 다 그를 섬기리로다(11) 
34|시편 81편|우리의 능력이 되시는 하나님을 향하여 기쁘게 노래하며 야곱의 하나님을 향하여 
34|시편 81편|즐거이 소리칠지어다 
34|시편 81편|시를 읊으며 소고를 치고 아름다운 수금에 비파를 아우를지어다 
34|시편 81편|초하루와 보름과 우리의 명절에 나팔을 불지어다 
34|시편 81편|이는 이스라엘의 율례요 야곱의 하나님의 규례로다 
34|시편 81편|하나님이 애굽 땅을 치러 나아가시던 때에 요셉의 족속중에 이를 증거로 세우셨도다 
34|시편 81편|거기서 내가 알지 못하던 말씀을 들었나니 
34|시편 81편|이르시되 내가 그의 어깨에서 짐을 벗기고 
34|시편 81편|그의 손에서 광주리를 놓게 하였도다 
34|시편 81편|네가 고난 중에 부르짖으매 내가 너를 건졌고 
34|시편 81편|우렛소리의 은밀한 곳에서 네게 응답하며 므리바 물 가에서 너를 시험하였도다 
34|시편 81편|내 백성이여 들으라 내가 네게 증언하리라 이스라엘이여 내게 듣기를 원하노라 
34|시편 81편|너희 중에 다른 신을 두지 말며 이방 신에게 절하지 말지어다 
34|시편 81편|나는 너를 애굽 땅에서 인도하여 낸 여호와 네 하나님이니 네 입을 크게 열라 내가 
34|시편 81편|채우리라 하였으나 
34|시편 81편|내 백성이 내 소리를 듣지 아니하며 이스라엘이 나를 원하지 아니하였도다(1-11) 
35|시편 84편|만군의 여호와여 주의 장막이 어찌 그리 사랑스러운지요 
35|시편 84편|내 영혼이 여호와의 궁전을 사모하여 쇠약함이여 
35|시편 84편|내 마음과 육체가 살아 계시는 하나님께 부르짖나이다 
35|시편 84편|나의 왕, 나의 하나님, 만군의 여호와여 
35|시편 84편|주의 제단에서 참새도 제 집을 얻고 제비도 새끼 둘 보금자리를 얻었나이다 
35|시편 84편|주의 집에 사는 자들은 복이 있나니 그들이 항상 주를 찬송하리이다 
35|시편 84편|주께 힘을 얻고 그 마음에 시온의 대로가 있는 자는 복이 있나이다 
35|시편 84편|그들이 눈물 골짜기로 지나갈 때에 
35|시편 84편|그 곳에 많은 샘이 있을 것이며 이른 비가 복을 채워 주나이다(1-6) 
35|시편 84편|주의 궁정에서의 한 날이 다른 곳에서의 천 날보다 나은즉 
35|시편 84편|악인의 장막에 사는 것보다 내 하나님의 성전 문지로 있는 것이 좋사오니(10) 
35|시편 84편|만군의 여호와여 주께 의지하는 자는 복이 있나이다(12) 
36|시편 90편|주여 주는 대대에 우리의 거처가 되셨나이다 
36|시편 90편|산이 생기기 전, 땅과 세계도 주께서 조성하시기 전 곧 영원부터 영원까지 주는 하나님이시니이다 
36|시편 90편|주께서 사람을 티끌로 돌아가게 하시고 말씀하시기를 너희 인생들은 돌아가라 하셨사오니 
36|시편 90편|주의 목전에는 천 년이 지나간 어제 같으며 밤의 한 순간 같을 뿐임이니이다 
36|시편 90편|주께서 그들을 홍수처럼 쓸어가시나이다 그들은 잠깐 자는 것 같으며 아침에 돋는 풀 같으니이다 
36|시편 90편|풀은 아침에 꽃이 피어 자라다가 저녁에는 시들어 마르나이다 
36|시편 90편|우리는 주의 노에 소멸되며 주의 분내심에 놀라나이다 
36|시편 90편|주께서 우리의 죄악을 주의 앞에 놓으시며 우리의 은밀한 죄를 주의 얼굴 빛 가운데에 두셨사오니 
36|시편 90편|우리의 모든 날이 주의 분노 중에 지나가며 우리의 평생이 순식간에 다하였나이다 
36|시편 90편|우리의 연수가 칠십이요 강건하면 팔십이라도 그 연수의 자랑은 수고와 슬픔뿐이요 신속히 가니 우리가 날아가나이다 
36|시편 90편|누가 주의 능력을 아며 누가 주의 진노의 두려움을 알리이까 
36|시편 90편|우리에게 우리 날 계수함을 가르치사 지혜로운 마음을 얻게 하소서(1-12) 
37|시편 91편|지존자의 은밀한 곳에 거주하며 
37|시편 91편|전능자의 그늘 아래에 사는 자여 
37|시편 91편|나는 여호와를 향하여 말하기를 그는 나의 피난처요 나의 요새요 내가 의뢰하는 하나님이라 하리니 
37|시편 91편|이는 그가 너를 새 사냥꾼의 올무에서와 심한 전염병에서 건지실 것임이로다 
37|시편 91편|그가 너를 그의 깃으로 덮으시리니 네가 그의 날개 아래에 피하리로다 
37|시편 91편|그의 진실함은 방패와 손 방패가 되시나니(1-4) 
37|시편 91편|천 명이 네 왼쪽에서, 만 명이 네 오른쪽에서 엎드러지나 
37|시편 91편|이 재앙이 네게 가까이 하지 못하리로다(7) 
37|시편 91편|그가 너를 위하여 그의 천사들을 명령하사 
37|시편 91편|네 모든 길에서 너를 지키게 하심이라(11) 
37|시편 91편|(다같이) 하나님이 이르시되 그가 나를 사랑한즉 내가 그를 건지리라 그가 내 이름을 안즉 내가 그를 높이리라(14)
38|시편 92편|지존자여 십현금과 비파와 수금으로 여호와께 감사하며 주의 이름을 찬양하고 
38|시편 92편|아침마다 주의 인자하심을 알리며 밤마다 주의 성실하심을 베풂이 좋으니이다 
38|시편 92편|여호와여 주께서 행하신 일로 나를 기쁘게 하셨으니 
38|시편 92편|주의 손이 행하신 일로 말미암아 내가 높이 외치리이다(1-4) 
38|시편 92편|의인은 종려나무같이 번성하며 래바논의 백향목같이 성장하리로다 
38|시편 92편|이는 여호와의 집에 심겼음이여 우리 하나님의 뜰 안에서 번성하리로다 
38|시편 92편|그는 늙어도 여전히 결실하며 진액이 풍족하고 빛이 청청하니 
38|시편 92편|여호와의 정직하심과 나의 바위 되심과 그에게는 불의가 없음이 선포되리로다 (12-15) 
39|시편 95편|오라 우리가 여호와께 노래하며 
39|시편 95편|우리의 구원의 반석을 향하여 즐거이 외치자 
39|시편 95편|우리가 감사함으로 그 앞에 나아가며 
39|시편 95편|시를 지어 즐거이 그를 노래하자 
39|시편 95편|여호와는 크신 하나님이시오 
39|시편 95편|모든 신들보다 크신 왕이시기 때문이로다 
39|시편 95편|땅의 깊은 곳이 그의 손 안에 있으며 
39|시편 95편|산들의 높은 곳도 그의 것이로다 
39|시편 95편|바다도 그의 것이라 그가 만드셨고 
39|시편 95편|육지도 그의 손이 지으셨도다 
39|시편 95편|오라 우리가 굽혀 경배하며 
39|시편 95편|우리를 지으신 여호와 앞에 무릎을 꿇자 
39|시편 95편|(다같이) 그는 우리의 하나님이시오 우리는 그가 기르시는 백성이며 그의 손이 돌보시는 양이기 때문이라(1-7상) 
40|시편 96편|새 노래로 여호와께 노래하라 온 땅이여 여호와께 노래할지어다 
40|시편 96편|여호와께 노래하여 그의 이름을 송축하며 그의 구원을 날마다 전파할지어다 
40|시편 96편|그의 영광을 백성들 가운데에, 그의 기이한 행적을 만민 가운데 선포할지어다(1-3) 
40|시편 96편|만국의 모든 신들은 우상들이지만 여호와께서는 하늘을 지으셨음이로다 
40|시편 96편|존귀와 위엄이 그의 앞에 있으며 
40|시편 96편|능력과 아름다움이 그의 성소에 있도다(5-6) 
40|시편 96편|아름답고 거룩한 것으로 여호와께 예배할지어다 
40|시편 96편|온 땅이여 그 앞에서 떨지어다(9) 
40|시편 96편|하늘은 기뻐하고 땅은 즐거워하며 바다와 거기에 충만한 것이 외치고 
40|시편 96편|밭과 그 가운데에 있는 모든 것은 즐거워할지로다 
40|시편 96편|그 때 숲의 모든 나무들이 여호와 앞에서 즐거이 노래하리니 
40|시편 96편|그가 임하시되 땅을 심판하러 임하실 것임이라 
40|시편 96편|(다같이) 그가 의로 세계를 심판하시며 그의 진실하심으로 백성을 심판하시리로다(11-13)
41|시편 97편|여호와께서 다스리시나니 땅은 즐거워하며 허다한 섬은 기뻐할지어다 
41|시편 97편|구름과 흑암이 그를 둘렀고 의와 공평이 그의 보좌의 기초로다 
41|시편 97편|불이 그의 앞에서 나와 사방의 대적들을 불사르시는도다 
41|시편 97편|그의 번개가 세계를 비추니 땅이 보고 떨었도다 
41|시편 97편|산들이 여호와의 앞 곧 온 땅의 주 앞에서 밀랍같이 녹았도다 
41|시편 97편|하늘이 그의 의를 선포하니 모든 백성이 그의 영광을 보았도다 
41|시편 97편|조각한 신상을 섬기며 허무한 것으로 자랑하는 자는 다 수치를 당할 것이라 너희 
41|시편 97편|산들아 여호와께 경배할지어다 
41|시편 97편|여호와여 시온이 주의 심판을 듣고 기뻐하며 유다의 딸들이 즐거워하였나이다 
41|시편 97편|여호와여 주는 온 땅 위에 지존하시고 모든 신들보다 위에 계시니이다 
41|시편 97편|여호와를 사랑하는 너희여 악을 미워하라 그가 그의 성도의 영혼을 보전하사 
41|시편 97편|악인의 손에서 건지시느니라 
41|시편 97편|의인을 위하여 빛을 뿌리고 마음이 정직한 자를 위하여 기쁨을 뿌리시는도다 
41|시편 97편|의인이여 너희는 여호와로 말미암아 기뻐하며 그의 거룩한 이름에 감사할지어다(1-12)
42|시편 98편|새 노래로 여호와께 찬송하라 그는 기이한 일을 행하사 
42|시편 98편|그의 오른손과 거룩한 팔로 자기를 위하여 구원을 베푸셨음이로다 
42|시편 98편|여호와께서 그의 구원을 알게 하시며 
42|시편 98편|그의 공의를 뭇 나라의 목전에서 맹백히 나타내셨도다 
42|시편 98편|그가 이스라엘의 집에 베푸신 인자와 성실을 기억하셨으므로 
42|시편 98편|땅 끝까지 이르는 모든 것이 우리 하나님의 구원을 보았도다 
42|시편 98편|온 땅이여 여호와께 즐거이 소리칠지어다 
42|시편 98편|소리 내어 즐겁게 노래하며 찬송할지어다 
42|시편 98편|수금으로 여호와를 노래하라 
42|시편 98편|수금과 음성으로 노래할지어다 
42|시편 98편|나팔과 호각 소리로 왕이신 여호와 앞에 즐겁게 소리칠지어다 
42|시편 98편|바다와 거기 충만한 것과 세계와 그 중에 거주하는 자는 다 외칠지어다 
42|시편 98편|(다같이) 여호와 앞에서 큰 물은 박수할지어다 산악이 함께 즐겁게 노래할지어다(1-8)
43|시편 99편|여호와께서 다스리시니 만민이 떨 것이요 
43|시편 99편|여호와께서 그룹 사이에 좌정하시니 땅이 흔들릴 것이로다 
43|시편 99편|시온에 계시는 여호와는 위대하시고 모든 민족보다 높으시도다 
43|시편 99편|주의 크고 두려운 이름을 찬송할지니 그는 거룩하심이로다 
43|시편 99편|능력 있는 왕은 정의를 사랑하느니라 주께서 공의를 견고하게 세우시고 
43|시편 99편|주께서 야곱에게 정의와 공의를 행하시나이다 
43|시편 99편|너희는 여호와 우리 하나님을 높여 그의 발등상 앞에서 경배할지어다 
43|시편 99편|그는 거룩하시도다 
43|시편 99편|그의 제사장들 중에는 모세와 아론이 있고 그의 이름을 부르는 자들 중에는 사무엘이 있도다 
43|시편 99편|그들이 여호와께 간구하매 응답하셨도다 
43|시편 99편|여호와께서 구름 기둥 가운데서 그들에게 말씀하시니 
43|시편 99편|그들은 그가 그들에게 주신 증거와 율례를 지켰도다 
43|시편 99편|여호와 우리 하나님이여 주께서는 그들에게 응답하셨고 
43|시편 99편|그들의 행한 대로 갚기는 하셨으나 그들을 용서하신 하나님이시니이다 
43|시편 99편|너희는 여호와 우리 하나님을 높이고 그 성산에서 예배할지어다 
43|시편 99편|여호와 우리 하나님은 거룩하심이로다(1-9)
44|시편 100편|온 땅이여 여호와께 즐거운 찬송을 부를지어다 
44|시편 100편|기쁨으로 여호와를 섬기며 노래하면서 그의 앞에 나아갈지어다 
44|시편 100편|여호와가 우리 하나님이신 줄 너희는 알지어다 
44|시편 100편|그는 우리를 지으신 이요 우리는 그의 것이니 그의 백성이요 그의 기르시는 양이로다 
44|시편 100편|감사함으로 그의 문에 들어가며 찬송함으로 그의 궁정에 들어가서 
44|시편 100편|그에게 감사하며 그의 이름을 송축할지어다 
44|시편 100편|여호와는 선하시니 그의 인자하심이 영원하고 
44|시편 100편|그의 성실하심이 대대에 이르리로다(1-5)
45|시편 103편|내 영혼아 여호와를 송축하라 
45|시편 103편|내 속에 있는 것들아 다 그의 거룩한 이름을 송축하라 
45|시편 103편|내 영혼아 여호와를 송축하며 그의 모든 은택을 잊지 말지어다 
45|시편 103편|그가 네 모든 죄악을 사하시며 네 모든 병을 고치시며 
45|시편 103편|네 생명을 파멸에서 속량하시고 인자와 긍휼로 관을 씌우시며 
45|시편 103편|좋은 것으로 네 소원을 만족하게 하사 네 청춘을 독수리같이 새롭게 하시는도다(1-5) 
45|시편 103편|여호와는 긍휼이 많으시고 은혜로우시며 노하기를 더디 하시고 인자하심이 풍부하시도다 
45|시편 103편|자주 경책하지 아니하시며 노를 영원히 품지 아니하시리로다 
45|시편 103편|우리의 죄를 따라 우리를 처벌하지는 아니하시며 우리의 죄악을 따라 우리에게 그래도 갚지는 아니하셨으니 
45|시편 103편|이는 하늘이 땅에서 높음같이 그를 경외하는 자에게 그의 인자하심이 크심이로다 
45|시편 103편|동이 서에서 먼 것같이 우리의 죄과를 우리에게서 멀리 옮기셨으며 
45|시편 103편|아버지가 자식을 긍휼히 여김같이 여호와께서는 자기를 경외하는 자를 긍휼히 여기시나니 
45|시편 103편|(다같이) 이는 그가 우리의 체질을 아시며 우리가 단지 먼지뿐임을 기억하심이로다(8-14)
46|시편 104편|내 영혼아 여호와를 송축하라 여호와 나의 하나님이여 
46|시편 104편|주는 심히 위대하시며 존귀와 권위로 옷 입으셨나이다 
46|시편 104편|주께서 옷을 입음같이 빛을 입으시며 하늘을 휘장같이 치시며 
46|시편 104편|물에 자기 누각의 들보를 얹으시며 구름으로 자기 수레를 삼으시고 
46|시편 104편|바람 날개로 다니시며 바람을 자기 사신으로 삼으시고 불꽃으로 자기 사역자를 삼으시며 
46|시편 104편|땅에 기초를 놓으사 영원히 흔들리지 아니하게 하셨나이다(1-5) 
46|시편 104편|주께서 물의 경계를 정하여 넘치지 못하게 하시며 
46|시편 104편|다시 돌아와 땅을 덮지 못하게 하셨나이다 
46|시편 104편|여호와께서 샘을 골짜기에서 솟아나게 하시고 산 사이에 흐르게 하사 
46|시편 104편|각종 들짐승에게 마시게 하시니 들나귀들도 해갈하며 
46|시편 104편|공중의 새들도 그 가에서 깃들이며 
46|시편 104편|나뭇가지 사이에서 지저귀는도다 
46|시편 104편|그가 그의 누각에서부터 산에 물을 부어 주시니 
46|시편 104편|주께서 하시는 일의 결실이 땅을 만족시켜 주는도다(9-13)
47|시편 105편|여호와께 감사하고 그의 이름을 불러 아뢰며 그가 하는 일을 만민 중에 알게 할지어다 
47|시편 105편|그에게 노래하며 그를 찬양하며 그의 모든 기이한 일들을 말할지어다 
47|시편 105편|그의 거룩한 이름을 자랑하라 여호와를 구하는 자들은 마음이 즐거울지로다 
47|시편 105편|여호와와 그의 능력을 구할지어다 그의 얼굴을 항상 구할지어다 
47|시편 105편|그의 종 아브라함의 후손 곧 택하신 야곱의 자손 너희는 그가 행하신 기적과 그의 이적과 그의 입의 판단을 기억할지어다 
47|시편 105편|그는 여호와 우리 하나님이시라 그의 판단이 온 땅에 있도다 
47|시편 105편|그는 그의 언약 곧 천 대에 걸쳐 명령하신 말씀을 영원히 기억하셨으니 
47|시편 105편|이것은 아브라함과 맺은 언약이고 이삭에게 하신 맹세이며 
47|시편 105편|야곱에게 세우신 율례 곧 이스라엘에게 하신 영원한 언약이라 
47|시편 105편|이르시기를 내가 가나안 땅을 네게 주어 너희에게 할당된 소유가 되게 하리라 하셨도다
48|시편 106편|여호와여 주의 백성에게 베푸시는 은혜로 나를 기억하시며 
48|시편 106편|주의 구원으로 나를 돌보사 
48|시편 106편|내가 주의 택하신 자가 형통함을 보고 주의 나라의 기쁨을 나누어 가지게 하사 
48|시편 106편|주의 유산을 자랑하게 하소서 
48|시편 106편|우리가 우리의 조상들처럼 범죄하여 
48|시편 106편|사악을 행하며 악을 지었나이다 
48|시편 106편|우리의 조상들이 애굽에 있을 때 주의 기이한 일들을 깨닫지 못하며 
48|시편 106편|주의 크신 인자를 기억하지 아니하고 바다 곧 홍해에서 거역하였나이다 
48|시편 106편|그러나 여호와께서는 자기의 이름을 위하여 그들을 구원하셨으니 
48|시편 106편|그의 큰 권능을 만인이 알게 하려 하심이로다 
48|시편 106편|이에 홍해를 꾸짖으시니 곧 마르니 그들을 인도하여 바다 건너가기를 마치 광야를 지나감 같게 하사 
48|시편 106편|그들을 그 미워하는 자의 손에서 구원하시며 그 원수의 손에서 구원하셨고 
48|시편 106편|그들의 대적들은 물로 덮으시매 그들 중에서 하나도 살아남지 못하였도다 
48|시편 106편|이에 그들이 그의 말씀을 믿고 그를 찬양하는 노래를 불렀도다(4-12)
49|시편 108편|하나님이여 내 마음을 정하였사오니 
49|시편 108편|내가 노래하며 나의 마음을 다하여 찬양하리로다 
49|시편 108편|비파야, 수금아, 깰지어다 
49|시편 108편|내가 새벽을 깨우리로다 
49|시편 108편|여호와여 내가 만민 중에서 주께 감사하고 
49|시편 108편|뭇 나라 중에서 주를 찬양하오리니 
49|시편 108편|주의 인자하심이 하늘보다 높으시며 
49|시편 108편|주의 진실은 궁창에까지 이르나이다 
49|시편 108편|하나님이여 주는 하늘 위에 높이 들리시며 
49|시편 108편|주의 영광이 온 땅에서 높임 받으시기를 원하나이다 
49|시편 108편|(다같이) 주께서 사랑하시는 자들을 건지시기 위하여 우리에게 응답하사 오른손으로 구원하소서(1-6)
50|시편 116편|여호와께서 내 음성과 간구를 들으시므로 내가 그를 사랑하는도다 
50|시편 116편|그의 귀를 내게 기울이셨으므로 내가 평생에 기도하리로다 
50|시편 116편|사망의 줄이 나를 두르고 스올의 고통이 내게 이르므로 내가 환난과 슬픔을 만났을 때에 
50|시편 116편|내가 여호와의 이름으로 기도하기를 여호와여 주께 구하오니 내 영혼을 건지소서 하였도다 
50|시편 116편|여호와는 은혜로우시며 의로우시며 우리 하나님은 긍휼이 많으시도다 
50|시편 116편|여호와께서는 순진한 자를 지키시나니 내가 어렸을 때에 나를 구원하셨도다 
50|시편 116편|내 영혼아 네 평안함으로 돌아갈지어다 여호와께서 너를 후대하심이로다 
50|시편 116편|주께서 내 영혼을 사망에서, 내 눈을 눈물에서, 내 발을 넘어짐에서 건지셨나이다(1-8) 
50|시편 116편|내게 주신 모든 은혜를 내가 여호와께 무엇으로 보답할까 
50|시편 116편|내가 구원의 잔을 들고 여호와의 이름을 부르며 
50|시편 116편|여호와의 모든 백성 앞에서 나는 나의 서원을 여호와께 갚으리로다 
50|시편 116편|그의 경건한 자들의 죽음은 여호와께서 보시기에 귀중한 것이로다(12-15)
51|시편 118편|여호와께 감사하라 그는 선하시며 그의 인자하심이 영원함이로다 
51|시편 118편|이제 이스라엘은 말하기를 그의 인자하심이 영원하다 할지로다 
51|시편 118편|이제 아론의 집은 말하기를 그의 인자하심이 영원하다 할지로다 
51|시편 118편|이제 여호와를 경외하는 자는 말하기를 그의 인자하심이 영원하다 할지로다 
51|시편 118편|내가 고통 중에 여호와께 부르짖었더니 여호와께서 응답하시고 나를 넓은 곳에 세우셨도다 
51|시편 118편|여호와는 내 편이시라 내가 두려워하지 아니하리니 사람이 내게 어찌할까 
51|시편 118편|여호와께서 내 편이 되사 나를 돕는 자들 중에 계시니 
51|시편 118편|그러므로 나를 미워하는 자들에게 보응하시는 것을 내가 보리로다 
51|시편 118편|여호와게서 피하는 것이 사람을 신뢰하는 것보다 나으며 여호와께 피하는 것이 고관들을 신뢰하는 것보다 낫도다 
51|시편 118편|뭇 나라가 나를 에워쌌으니 내가 여호와의 이름으로 그들을 끊으리로다(1-10) 
51|시편 118편|너는 나를 밀쳐 넘어뜨리려 하였으나 여호와께서는 나를 도우셨도다 
51|시편 118편|여호와는 나의 능력과 찬송이시오 도 나의 구원이 되셨도다(13-14)
52|시편 119편|청년이 무엇으로 그의 행실을 깨끗하게 하리이까 주의 말씀만 지킬 따름이니이다 
52|시편 119편|내가 전심으로 주를 찾았사오니 주의 계명에서 떠나지 말게 하소서 
52|시편 119편|내가 주께 범죄하지 아니하려 하여 주의 말씀을 내 마음에 두었나이다 
52|시편 119편|찬송을 받으실 주 여호와여 주의 율례들을 내게 가르치소서(9-12) 
52|시편 119편|내가 주의 법도들을 작ㅇ든 소리로 읊조리며 주의 길들에 주의하며 
52|시편 119편|주의 율례들을 즐거워하며 주의 말씀을 잊지 아니하리이다(15-16) 
52|시편 119편|주의 법이 나의 즐거움이 되지 아니하였더면 내가 내 고난 중에 멸망하였으리이다 
52|시편 119편|내가 주의 법도들을 영원히 잊지 아니하오니 주께서 이것들 대문에 나를 살게 하심이니이다 
52|시편 119편|나는 주의 것이오니 나를 구원하소서 내가 주의 법도들만을 찾았나이다 
52|시편 119편|악인들이 나를 멸하려고 엿보오나 나는 주의 증거들만을 생각하겠나이다 
52|시편 119편|내가 보니 모든 완전한 것이 다 끝이 있어도 주의 계명들은 심히 넓으니이다 
52|시편 119편|내가 주의 법을 어찌 그리 사랑하는지요 내가 그것을 종일 작은 소리로 읊조리나이다
53|시편 121편|내가 산을 향하여 눈을 들리라 나의 도움이 어디서 올까 
53|시편 121편|나의 도움은 천지를 지으신 여호와에게서로다 
53|시편 121편|여호와께서 너를 실족하지 아니하게 하시며 너를 지키시는 이가 졸지 아니하시리로다 
53|시편 121편|이스라엘을 지키시는 이는 졸지도 아니하시고 주무시지도 아니하시리로다 
53|시편 121편|여호와는 너를 지키시는 이시라 여호와께서 네 오른쪽에서 네 그늘이 되시나니 
53|시편 121편|낮의 해가 너를 상하게 하지 아니하며 밤의 달도 너를 해치지 아니하리로다 
53|시편 121편|여호와께서 너를 지켜 모든 환난을 면하게 하시며 또 네 영혼을 지키시리로다 
53|시편 121편|여호와께서 너의 출입을 지금부터 영원가지 지키시리로다(1-8)
54|시편 126편|여호와께서 시온의 포로를 돌려 보내실 때에 우리는 꿈꾸는 것 같았도다 
54|시편 126편|그 때에 우리 입에는 웃음이 가득하고 우리 혀에는 찬양이 찼었도다 
54|시편 126편|그 때에 뭇 나라 가운데에서 말하기를 여호와께서 그들을 위하여 큰 일을 행하셨다 하였도다 
54|시편 126편|여호와께서 우리를 위하여 큰 일을 행하셨으니 우리는 기쁘도다 
54|시편 126편|여호와여 우리의 포로를 남방 시내들같이 돌려보내소서 
54|시편 126편|눈물을 흘리며 시를 뿌리는 자는 기쁨으로 거두리로다 
54|시편 126편|(다같이) 울며 씨를 뿌리러 나가는 자는 반드시 기쁨으로 그 곡식 단을 가지고 돌아오리로다
55|시편 127편|여호와께서 집을 세우지 아니하시면 세우는 자의 수고가 헛되며 
55|시편 127편|여호와께서 성을 지키지 아니하시면 파수꾼의 깨어 있음이 헛되도다 
55|시편 127편|너희가 일찍이 일어나고 늦게 누우며 수고의 떡을 먹음이 헛되도다 
55|시편 127편|그러므로 여호와께서 그의 사랑하시는 자에게는 잠을 주시는도다 
55|시편 127편|보라 자식들은 여호와의 기업이요 
55|시편 127편|태의 열매는 그의 상급이로다 
55|시편 127편|젊은 자의 자식은 장사의 수중의 화살 같으니 
55|시편 127편|이것이 그의 화살통에 가득한 자는 복되도다 
55|시편 127편|(다같이) 그들의 성문에서 그들의 원수와 담판할 때에 수치를 당하지 아니하리로다(1-5)  
56|시편 128편|여호와를 경외하며 그의 길을 걷는 자마다 복이 있도다 
56|시편 128편|네가 네 손이 수고한 대로 먹을 것이라 네가 복되고 형통하리로다 
56|시편 128편|네 집 안방에 있는 네 아내는 결실한 포도나무 같으며 
56|시편 128편|네 식탁에 둘러 앉은 자들은 어린 감람나무 같으리로다 
56|시편 128편|여호와를 경외하는 자는 이같이 복을 얻으리로다 
56|시편 128편|여호와께서 시온에서 네게 복을 주실지어다 
56|시편 128편|너는 평생에 예루살렘의 번영을 보며 네 자식의 자식을 볼지어다 
56|시편 128편|이스라엘에게 평강이 있을지로다(1-6)
57|시편 130편|여호와여 내가 깊은 곳에서 주께 부르짖었나이다 
57|시편 130편|주여 내 소리를 들으시며 나의 부르짖는 소리에 귀를 기울이소서 
57|시편 130편|여호와여 주께서 죄악을 지켜보실진대 
57|시편 130편|주여 누가 서리이까 
57|시편 130편|그러나 사유하심이 주께 있음은 
57|시편 130편|주를 경외하게 하심이니이다 
57|시편 130편|나 곧 내 영혼은 여호와를 기다리며 
57|시편 130편|나는 주의 말씀을 바라는도다 
57|시편 130편|파수꾼이 아침을 기다림보다 내 영혼이 주를 더 기다리나니 
57|시편 130편|참으로 파수꾼이 아침을 기다림보다 더하도다 
57|시편 130편|이스라엘아 여호와를 바랄지어다 
57|시편 130편|여호와께서는 인자하심과 풍성한 속량이 있음이라 
57|시편 130편|(다같이) 그가 이스라엘을 그의 모든 죄악에서 속량하시리로다(1-8)
58|시편 133편|보라 형제가 연합하여 동거함이 
58|시편 133편|어찌 그리 선하고 아름다운고 
58|시편 133편|머리에 있는 보배로운 기름이 
58|시편 133편|수염 곧 아론의 수염에서 흘러서 그의 옷깃까지 내림 같고 
58|시편 133편|헐몬의 이슬이 시온의 산들에 내림 같도다 
58|시편 133편|거기서 여호와께서 복을 명령하셨나니 곧 영생이로다(1-3)
59|시편 136편|여호와께 감사하라 그는 선하시며 그 인자하심이 영원함이로다 
59|시편 136편|신들 중에 뛰어난 하나님께 감사하라 그 인자하심이 영원함이로다 
59|시편 136편|주들 중에 뛰어난 주께 감사하라 그 인자하심이 영원함이로다 
59|시편 136편|홀로 큰 기이한 일들을 행하시는 이에게 감사하라 그 인자하심이 영원함이로다 
59|시편 136편|지혜로 하늘을 지으신 이에게 감사하라 그 인자하심이 영원함이로다 
59|시편 136편|땅을 물 위에 펴신 이에게 감사하라 그 인자하심이 영원함이로다 
59|시편 136편|큰 빛들을 지으신 이에게 감사하라 그 인자하심이 영원함이로다 
59|시편 136편|해로 낮을 주관하게 하신 이에게 감사하라 그 인자하심이 영원함이로다 
59|시편 136편|달과 별들로 밤을 주관하게 하신 이에게 감사하라 그 인자하심이 영원함이로다 
59|시편 136편|애굽의 장자를 치신 이에게 감사하라 그 인자하심이 영원함이로다 
59|시편 136편|이스라엘을 그들 중에서 인도하여 내신 이에게 감사하라 그 인자하심이 영원함이로다 
59|시편 136편|강한 손과 펴신 팔로 인도하여 내신 이게게 감사하라 그 인자하심이 영원함이로다(1-12)
60|시편 139편|여호와여 주께서 나를 살펴보셨으므로 나를 아시나이다 
60|시편 139편|주께서 내가 앉고 일어섬을 아시고 멀리서도 나의 생각을 밝히 아시오며 
60|시편 139편|나의 모든 길과 내가 눕는 것을 살펴보셨으므로 나의 모든 행위를 익히 아시오니 
60|시편 139편|여호와여 내 혀의 말을 알지 못하시는 것이 하나도 없으시니이다(1-4) 
60|시편 139편|내가 주의 영을 떠나 어디로 가며 주의 앞에서 어디로 피하리이까 
60|시편 139편|내가 하늘에 올라갈지라고 거기 계시며 스올에 내 자리를 펼지라도 거기 계시니이다 
60|시편 139편|내가 새벽 날개를 치며 바다 끝에 가서 거주할지라도 
60|시편 139편|거기서도 주의 손이 나를 인도하시며 주의 오른손이 나를 붙드시리이다(7-10) 
60|시편 139편|하나님이여 나를 살피사 내 마음을 아시며 나를 시험하사 내 뜻을 아옵소서 
60|시편 139편|내게 무슨 악한 행위가 있나 보시고 나를 영원한 길로 인도하소서(23-24)
61|시편 142편|내가 소리 내어 여호와께 부르짖으며 
61|시편 142편|소리 내어 여호와께 간구하는도다 
61|시편 142편|내가 내 원통함을 그의 앞에 토로하며 
61|시편 142편|내 우환을 그의 앞에 진술하는도다 
61|시편 142편|내 영이 내 속에서 상할 때에도 주께서 내 길을 아셨나이다 
61|시편 142편|내가 가는 길에 그들이 나를 잡으려고 올무를 숨겼나이다 
61|시편 142편|오른쪽을 살펴보소서 나를 아는 이도 없고 나의 파난처도 없고 
61|시편 142편|내 영혼을 돌보는 이도 없나이다 
61|시편 142편|여호와여 내가 주께 부르짖어 말하기를 
61|시편 142편|주는 나의 피난처시오 살아 있는 사람들의 땅에서 나의 분깃이시라 하였나이다 
61|시편 142편|나의 부르짖음을 들으소서 나는 심히 비천하니이다 
61|시편 142편|나를 핍박하는 자들에게서 나를 건지소서 그들은 나보다 강하니이다 
61|시편 142편|내 영혼을 옥에서 이끌어 내사 주의 이름을 감사하게 하소서 
61|시편 142편|주께서 나에게 갚아 주시리니 의인들이 나를 두르리이다(1-7)
62|시편 143편|여호와여 내 기도를 들으시며 내 간구에 귀를 기울이시고 
62|시편 143편|주의 진실과 의로 내게 응답하소서 
62|시편 143편|주의 종에게 심판을 행하지 마소서 
62|시편 143편|주의 눈 앞에는 의로운 인생이 하나도 없나이다 
62|시편 143편|원수가 내 영혼을 핍박하며 내 생명을 땅에 엎어서 나로 죽은 지 오랜 자같이 나를 암흑 속에 두었나이다 
62|시편 143편|그러므로 내 심령이 속에서 상하며 내 마음이 내 속에서 참담하니이다 
62|시편 143편|내가 옛날을 기억하고 주의 모든 행하신 것을 읊조리며 주의 손이 행하는 일을 생각하고 
62|시편 143편|주를 향하여 손을 펴고 내 영혼이 마른 땅같이 주를 사모하나이다 
62|시편 143편|여호와여 속히 내게 응답하소서 내 영이 피곤하니이다(1-7상) 
62|시편 143편|여호와여 주의 이름을 위하여 나를 살리시고 주의 의로 내 영혼을 환난에서 끌어내소서 
62|시편 143편|주의 인자하심으로 나의 원수들을 끊으시고 
62|시편 143편|내 영혼을 괴롭게 하는 자를 다 멸하소서 나는 주의 종이니이다(11-12)
63|시편 145편|왕이신 나의 하나님이여 내가 주를 높이고 영원히 주의 이름을 송축하리이다 
63|시편 145편|내가 날마다 주를 송축하며 영원히 주의 이름을 송축하리이다 
63|시편 145편|여호와는 위대하시니 크게 찬양할 것이라 그의 위대하심을 측량하지 못하리로다 
63|시편 145편|대대로 주께서 행하시는 일을 크게 찬양하며 주의 능한 일을 선포하리로다 
63|시편 145편|주의 존귀하고 영광스러운 위엄과 주의 기이한 일들을 나는 작은 소리로 읊조리리이다 
63|시편 145편|사람들은 주의 두려운 일의 권능을 말할 것이요 나도 주의 위대하심을 선포하리이다 
63|시편 145편|그들이 주의 크신 은혜를 기념하여 말하며 주의 의를 노래하리이다 
63|시편 145편|여호와는 은혜로우시며 긍휼이 많으시며 노하기를 더디 하시며 인자하심이 크시도다 
63|시편 145편|여호와께서는 모든 것을 선대하시며 그 지으신 모든 것에 긍휼을 베푸시는도다 
63|시편 145편|여호와여 주께서 지으신 모든 것들이 주께 감사하며 주의 성도들이 주를 송축하리이다
64|시편 148편|할렐루야 하늘에서 여호와를 찬양하며 높은 데서 그를 찬양할지어다 
64|시편 148편|그의 모든 천사여 찬양하며 모든 군대여 그를 찬양할지어다 
64|시편 148편|해와 달아 그를 찬양하며 밝은 별들아 다 그를 찬양할지어다 
64|시편 148편|하늘의 하늘도 그를 찬양하며 하늘 위에 있는 물들도 그를 찬양할지어다 
64|시편 148편|그것들이 여호와의 이름을 찬양함은 그가 명령하시므로 지음을 받았음이로다 
64|시편 148편|그가 또 그것들을 영원히 세우시고 폐하지 못할 명령을 정하셨도다(1-6) 
64|시편 148편|여호와의 이름을 찬양할지어다 그의 이름이 홀로 높으시며 그의 영광이 땅과 하늘 
64|시편 148편|위에 뛰어나심이로다 
64|시편 148편|그가 그의 백성의 뿔을 높이셨으니 그는 모든 성도 곧 그를 가까이 하는 백성 이스라엘 자손의 찬양 받을 이시로다 할렐루야(13-14)
65|시편 149편|할렐루야 새 노래로 여호와께 노래하며 성도의 모임 가운데에서 찬양할지어다 
65|시편 149편|이스라엘은 자기를 지으신 이로 말미암아 즐거워하며 시온의 주민은 그들의 왕으로 말미암아 즐거워할지어다 
65|시편 149편|춤추며 그의 이름을 찬양하며 소고와 수금으로 그를 찬양할지어다 
65|시편 149편|여호와께서는 자기 백성을 기뻐하시며 겸손한 자를 구원으로 아름답게 하심이로다 
65|시편 149편|성도들은 영광 중에 즐거워하며 그들의 침상에서 기쁨으로 노래할지어다 
65|시편 149편|그들의 입에는 하나님에 대한 찬양이 있고 그들의 손에는 두 날 가진 칼이 있도다 
65|시편 149편|이것으로 뭇 나라에 보수하며 민족들을 벌하며 
65|시편 149편|그들의 왕들은 사슬로, 그들의 귀인은 철고랑으로 결박하고 
65|시편 149편|(다같이) 기록한 판결대로 그들에게 시행할지로다 이런 영광은 그의 모든 성도에게 있도다 할렐루야(1-9)
66|시편 150편|할렐루야 그의 성소에서 하나님을 찬양하며 
66|시편 150편|그의 권능의 궁창에서 그를 찬양할지어다 
66|시편 150편|그의 능하신 행동을 찬양하며 
66|시편 150편|그의 지극히 위대하심을 따라 찬양할지어다 
66|시편 150편|나팔 소리로 찬양하며 
66|시편 150편|비파와 수금으로 찬양할지어다 
66|시편 150편|소고 치며 춤추어 찬양하며 
66|시편 150편|현악과 퉁소로 찬양할지어다 
66|시편 150편|큰 소리 나는 제금으로 찬양하며 
66|시편 150편|높은 소리 나는 제금으로 찬양할지어다 
66|시편 150편|(다같이) 호흡이 있는 자마다 여호와를 찬양할지어다 할렐루야(1-6)
67|잠언 3장|지혜를 얻은 자와 명철을 얻은 자는 복이 있나니 
67|잠언 3장|이는 지혜를 얻는 것이 은을 얻는 것보다 낫고 그 이익이 정금보다 나음이니라 
67|잠언 3장|지혜는 진주보다 귀하니 네가 사모하는 모든 것으로도 이에 비교할 수 없도다 
67|잠언 3장|그의 오른손에는 장수가 있고 그의 왼손에는 부귀가 있나니 
67|잠언 3장|그 길은 즐거운 길이요 그의 지름길은 다 평강이니라 
67|잠언 3장|지혜는 그 얻은 자에게 생명 나무라 지혜를 가진 자는 복되도다 
67|잠언 3장|여호와께서는 지혜로 땅에 터를 놓으셨으며 명철로 하늘을 견고히 세우셨고 
67|잠언 3장|그의 지식으로 깊은 바다를 갈라지게 하셨으며 공중에서 이슬에 내리게 하셨느니라 
67|잠언 3장|내 아들아 완전한 지혜와 근신을 지키고 이것들이 네 눈 앞에서 떠나지 말게 하라(13-21) 
67|잠언 3장|대저 여호와는 네가 의지할 이시니라 네 발을 지켜 걸리지 않게 하시리라(26)
68|이사야 40장(1)|외치는 자의 소리여 이르되 너희는 광야에서 여호와의 길을 예비하라 
68|이사야 40장(1)|사막에서 우리 하나님의 대로를 평탄하게 하라 
68|이사야 40장(1)|골짜기마다 돋우어지며 산마다, 언덕마다 낮아지며 고르지 아니한 곳이 평탄하게 되며 
68|이사야 40장(1)|험한 곳이 평지가 될 것이여 
68|이사야 40장(1)|여호와의 영광이 나타나고 모든 육체가 그것을 함께 보리라 
68|이사야 40장(1)|이는 여호와의 입이 말씀하셨느니라 
68|이사야 40장(1)|말하는 자의 소리여 이르되 외치라 대답하되 내가 무엇이라 외치리이까 하니 
68|이사야 40장(1)|이르되 모든 육체는 풀이요 그의 모든 아름다움은 들의 꽃과 같으니 
68|이사야 40장(1)|풀은 마르고 꽃이 시듦은 여호와의 기운이 그 위에 붊이라 이 백성은 실로 풀이로다 
68|이사야 40장(1)|풀은 마르고 꽃은 시드나 우리 하나님의 말씀은 영원히 서리라 하라(3-8)
69|이사야 40장(2)|너희는 눈을 높이 들어 누가 이 모든 것을 창조하였나 보라 
69|이사야 40장(2)|주께서는 수효대로 만상을 이끌어 내시고 
69|이사야 40장(2)|그들의 모든 이름을 부르시나니 
69|이사야 40장(2)|그의 권세가 크고 그의 능력이 강하므로 하나도 빠짐이 없느니라 
69|이사야 40장(2)|야곱아 어찌하여 네가 말하며 이스라엘아 네가 이르기를 내 길은 여호와께 숨겨졌으며 
69|이사야 40장(2)|내 송사는 내 하나님에게서 벗어난다 하느냐 
69|이사야 40장(2)|너는 알지 못하였느냐 듣지 못하였느냐 영원하신 하나님 여호와, 땅 끝까지 창조하신 이는 
69|이사야 40장(2)|피곤하지 않으시며 곤비하지 않으시며 명철이 한이 없으시며 
69|이사야 40장(2)|피곤한 자에게는 능력을 주시며 무능한 자에게는 힘을 더하시나니 
69|이사야 40장(2)|소년이라도 피곤하며 곤비하며 장정이라도 넘어지며 쓰러지되 
69|이사야 40장(2)|오직 여호와를 앙망하는 자는 새 힘을 얻으리니 
69|이사야 40장(2)|독수리가 날개치며 올라감 같을 것이요 
69|이사야 40장(2)|(다같이) 달음박질하여도 곤비하지 아니하겠고 걸어가도 피곤하지 아니하리로다(26-31)
70|이사야 42장|내가 붙드는 나의 종, 내 마음에 기뻐하는 자 곧 내가 택한 사람을 보라 
70|이사야 42장|내가 나의 영을 그에게 주었은즉 그가 이방에 정의를 베풀리라 
70|이사야 42장|그는 외치지 아니하며 목소리를 높이지 아니하며 그 소리를 거리에 들리게 하지 아니하며 
70|이사야 42장|상한 갈대를 꺾지 아니하며 꺼져가는 등불을 끄지 아니하고 진실로 정의를 시행할 것이며 
70|이사야 42장|그는 쇠하지 아니하며 낙담하지 아니하고 세상에 정의를 세우기에 이르리니 
70|이사야 42장|섬들이 그 교훈을 앙망하리라(1-4) 
70|이사야 42장|나 여호와가 의로 너를 불렀은즉 내가 네 손을 잡아 너를 보호하며 
70|이사야 42장|너를 세워 백성의 언약과 이방의 빛이 되게 하리니 
70|이사야 42장|네가 눈먼 자들의 눈을 밝히며 갇힌 자를 감옥에서 이끌어 내며 
70|이사야 42장|흑암에 앉은 자를 감방에서 나오게 하리라(6-7)
71|이사야 55장|오호라 너희 모든 목마른 자들아 물로 나아오라 돈 없는 자도 오라 
71|이사야 55장|너희는 와서 사 먹되 돈 없이, 값 없이 와서 포도주와 젖을 사라 
71|이사야 55장|너희가 어찌하여 양식이 아닌 것을 위하여 은을 달아 주며 
71|이사야 55장|배부르게 하지 못할 것을 위하여 수고하느냐 
71|이사야 55장|내게 듣고 들을지어다 그리하면 너희가 좋은 것을 먹을 것이며 
71|이사야 55장|너희 자신들이 기름진 것으로 즐거움을 얻으리라 
71|이사야 55장|너희는 귀를 기울이고 내게로 나아와 들으라 
71|이사야 55장|그리하면 너희의 영혼이 살리라 
71|이사야 55장|내가 너희를 위하여 영원한 언약을 맺으리니 
71|이사야 55장|곧 다윗에게 허락한 확실한 은혜이니라(1-3) 
71|이사야 55장|너희는 여호와를 만날 만한 때에 찾으라 
71|이사야 55장|가까이 계실 때에 그를 부르라 
71|이사야 55장|악인은 그의 길을, 불의한 자는 그의 생각을 버리고 여호와께로 돌아오라 
71|이사야 55장|그리하면 그가 긍휼히 여기시리라 
71|이사야 55장|(다같이) 우리 하나님께로 돌아오라 그가 너그럽게 용서하시리라(6-7)
72|이사야 58장|내가 기뻐하는 금식은 흉악의 결박을 풀어 주며 멍에의 줄을 끌러 주며 
72|이사야 58장|압제 당하는 자를 자유하게 하며 모든 멍에를 꺾는 것이 아니겠느냐 
72|이사야 58장|또 주린 자에게 네 양식을 나누어 주며 유리하는 빈민을 집에 들이며 
72|이사야 58장|헐벗은 자를 보면 입히며 또 네 골육을 피하여 스스로 숨지 아니하는 것이 아니겠느냐 
72|이사야 58장|그리하면 네 빛이 새벽같이 비 칠 것이며 네 치유가 급속할 것이며 
72|이사야 58장|네 공의가 네 앞에 행하고 여호와의 영광이 네 뒤에 호위하리니 
72|이사야 58장|네가 부를 때에는 나 여호와가 응답하겠고 
72|이사야 58장|네가 부르짖을 때에는 내가 여기 있다 하리라 
72|이사야 58장|만일 네가 너희 중에서 멍에와 손가락질과 허망한 말을 제하여 버리고 
72|이사야 58장|주린 자에게 네 심정이 동하며 괴로워하는 자의 심정을 만족하게 하면 
72|이사야 58장|네 빛이 흑암 중에서 떠올라 네 어둠이 낮과 같이 될 것이며 
72|이사야 58장|여호와가 너를 항상 인도하여 메마른 곳에서도 네 영혼을 만족하게 하며 네 뼈를 견고하게 하리니 
72|이사야 58장|(다같이) 너는 물 댄 동산 같겠고 물이 끊어지지 아니하는 샘 같을 것이라(6-11)
73|이사야 65장|보라 내가 새 하늘과 새 땅을 창조하나니 
73|이사야 65장|이전 것은 기억되거나 마음에 생각나지 아니할 것이라 
73|이사야 65장|너희는 내가 창조하는 것으로 말미암아 
73|이사야 65장|영원히 기뻐하며 즐거워할지니라 
73|이사야 65장|보라 내가 예루살렘을 즐거운 성으로 창조하며 그 백성을 기쁨으로 삼고 
73|이사야 65장|내가 예루살렘을 즐거워하며 나의 백성을 기뻐하리니 
73|이사야 65장|우는 소리와 부르짖는 소리가 그 가운데에서 다시는 들리지 아니할 것이며(17-19) 
73|이사야 65장|이리와 어린 양이 함께 먹을 것이며 
73|이사야 65장|사자가 소처럼 짚을 먹을 것이며 뱀은 흙을 양식으로 삼을 것이니 
73|이사야 65장|나의 성산에서는 해함도 없겠고 상함도 없으리라 여호와께서 말씀하시니라(25)
74|마태복음 5장|심령이 가난한 자는 복이 있나니 
74|마태복음 5장|천국이 그들의 것임이요 
74|마태복음 5장|애통하는 자는 복이 있나니 
74|마태복음 5장|그들이 위로를 받을 것임이요 
74|마태복음 5장|온유한 자는 복이 있나니 
74|마태복음 5장|그들이 땅을 기업으로 받을 것임이요 
74|마태복음 5장|의에 주리고 목마른 자는 복이 있나니 
74|마태복음 5장|그들이 배부를 것임이요 
74|마태복음 5장|긍휼히 여기는 자는 복이 있나니 
74|마태복음 5장|그들이 긍휼히 여김을 받을 것임이요 
74|마태복음 5장|마음이 청결한 자는 복이 있나니 
74|마태복음 5장|그들이 하나님을 볼 것임이요 
74|마태복음 5장|화평하게 하는 자는 복이 있나니 
74|마태복음 5장|그들이 하나님의 아들이라 일컬음을 받을 것임이요 
74|마태복음 5장|의를 위하여 박해를 받는 자는 복이 있나니 
74|마태복음 5장|천국이 그들의 것임이라 
74|마태복음 5장|나로 말미암아 너희를 욕하고 박해하고 거짓으로 너희를 거슬러 모든 악한 말을 할 때에는 너희에게 복이 있나니 
74|마태복음 5장|기뻐하고 즐거워하라 하늘에서 너희의 상이 큼이라 너희 전에 있던 선지자들도 이같이 박해하였느니라(3-12)
75|마태복음 6장|그러므로 내가 너희에게 이르노니 목숨을 위하여 무엇을 먹을까 무엇을 마실까 몸을 위하여 무엇을 입을까 염려하지 말라 
75|마태복음 6장|목숨이 음식보다 중하지 아니하며 몸이 의복보다 중하지 아니하냐 
75|마태복음 6장|공중의 새를 보라 심지도 않고 거두지도 않고 창고에 모아들이지도 아니하되 
75|마태복음 6장|너희 하늘 아버지께서 기르시나니 너희는 이것들보다 귀하지 아니하냐 
75|마태복음 6장|너희 중에 누가 염려함으로 그 키를 한 자라도 더할 수 있겠느냐 
75|마태복음 6장|또 너희가 어찌 의복을 위하여 염려하느냐 
75|마태복음 6장|들의 백합화가 어떻게 자라는가 생각하여 보라 
75|마태복음 6장|수고도 아니하고 길쌈도 아니하느니라(25-28) 
75|마태복음 6장|그러므로 염려하여 이르기를 무엇을 먹을까 무엇을 마실까 무엇을 입을까 하지 말라 
75|마태복음 6장|이는 다 이방인들이 구하는 것이라 너희 하늘 아버지께서 이 모든 것이 너희에게 있어야 할 줄을 아시느니라 
75|마태복음 6장|그런즉 너희는 먼저 그의 나라와 그의 의를 구하라 
75|마태복음 6장|그리하면 이 모든 것을 너희에게 더하시리라(31-33)
76|요한복음 1장|태초에 말씀이 계시니라 이 말씀이 하나님과 함께 계셨으니 
76|요한복음 1장|이 말씀은 곧 하나님이시니라 
76|요한복음 1장|그가 태초에 하나님과 함께 계셨고 만물이 그로 말미암아 지은 바 되었으니 
76|요한복음 1장|지은 것이 하나도 그가 없이는 된 것이 없느니라 
76|요한복음 1장|그 안에 생명이 있었으니 이 생명은 사람들의 빛이라 
76|요한복음 1장|빛이 어둠에 비치되 어둠이 깨닫지 못하더라(1-5) 
76|요한복음 1장|참 빛 곧 세상에 와서 각 사람에게 비추는 빛이 있었나니 
76|요한복음 1장|그가 세상에 계셨으며 세상은 그로 말미암아 지은 바 되었으되 
76|요한복음 1장|세상이 그를 알지 못하였고 자기 땅에 오매 자기 백성이 영접하지 아니하였으나 
76|요한복음 1장|영접하는 자 곧 그 이름을 믿는 자들에게는 하나님의 자녀가 되는 권세를 주셨으니 
76|요한복음 1장|이는 혈통으로나 육정으로나 사람의 뜻으로 나지 아니하고 
76|요한복음 1장|오직 하나님께로부터 난 자들이라 
76|요한복음 1장|말씀이 육신이 되어 우리 가운데 거하시매 우리가 그의 영광을 보니 
76|요한복음 1장|아버지의 독생자의 영광이요 은혜와 진리가 충만하더라(9-14)
77|요한복음 3장|하나님이 세상을 이처럼 사랑하사 독생자를 주셨으니 
77|요한복음 3장|이는 그를 믿는 자마다 멸망하지 않고 영생을 얻게 하려 하심이라 
77|요한복음 3장|하나님이 그 아들을 세상에 보내신 것은 
77|요한복음 3장|세상을 심판하려 하심이 아니요 
77|요한복음 3장|그로 말미암아 세상이 구원을 받게 하려 하심이라 
77|요한복음 3장|그를 믿는 자는 심판을 받지 아니하는 것이요 
77|요한복음 3장|믿지 아니하는 자는 하나님의 독생자의 이름을 믿지 아니하므로 
77|요한복음 3장|벌써 심판을 받은 것이니라 
77|요한복음 3장|그 정죄는 이것이니 곧 빛이 세상에 왔으되 
77|요한복음 3장|사람들이 자기 행위가 악하므로 빛보다 어둠을 더 사랑한 것이니라 
77|요한복음 3장|악을 행하는 자마다 빛을 미워하여 빛으로 오지 아니하나니 
77|요한복음 3장|이는 그 행위가 드러날까 함이요 
77|요한복음 3장|진리를 따르는 자는 빛으로 오나니 
77|요한복음 3장|이는 그 행위가 하나님 안에서 행한 것임을 나타내려 함이라 하시니라(16-25)
78|요한복음 14장|너희는 마음에 근심하지 말라 하나님을 믿으니 또 나를 믿으라 
78|요한복음 14장|내 아버지 집에 거할 곳이 많도다 그렇지 않으면 너희에게 일렀으리라 
78|요한복음 14장|내가 너희를 위하여 거처를 예비하러 가노니 가서 너희를 위하여 거처를 예비하면 
78|요한복음 14장|내가 다시 와서 너희를 내게로 영접하여 나 있는 곳에 너희도 있게 하리라 
78|요한복음 14장|내가 어디로 가는지 그 길을 너희가 아느니라 
78|요한복음 14장|도마가 이르되 주여 주께서 어디로 가시는지 우리가 알지 못하거늘 그 길을 어찌 알겠사옵나이까 
78|요한복음 14장|예수께서 이르시되 내가 곧 길이요 진리요 생명이니 
78|요한복음 14장|나로 말미암지 않고는 아버지께로 올 자가 없느니라(1-6)
79|요한복음 15장|나는 포도나무요 너희는 가지라 그가 내 안에, 내가 그 안에 거하면 
79|요한복음 15장|사람이 열매를 많이 맺나니 나를 떠나서는 너희가 아무 것도 할 수 없음이라 
79|요한복음 15장|사람이 내 안에 거하지 아니하면 가지처럼 밖에 버려져 마르나니 
79|요한복음 15장|사람들이 그것을 모아다가 불에 던져 사르느니라 
79|요한복음 15장|너희가 내 안에 거하고 내 말이 너희 안에 거하면 무엇이든지 원하는 대로 구하라 
79|요한복음 15장|그리하면 이루리라 
79|요한복음 15장|너희가 열매를 많이 맺으면 내 아버지께서 영광을 받으실 것이요 
79|요한복음 15장|너희는 내 제자가 되리라 
79|요한복음 15장|아버지께서 나를 사랑하신 것같이 나도 너희를 사랑하였으니 
79|요한복음 15장|나의 사랑 안에 거하라 
79|요한복음 15장|내가 아버지의 계명을 지켜 그의 사랑 안에 거하는 것같이 
79|요한복음 15장|너희도 내 계명을 지키면 내 사랑 안에 거하리라 
79|요한복음 15장|(다같이) 내가 이것을 너희에게 이름은 내 기쁨이 너희 안에 있어 너희 기쁨을 충만하게 하려 함이라(5-11)
80|고린도후서 4장|우리가 이 보배를 질그릇에 가졌으니 
80|고린도후서 4장|이는 심히 큰 능력은 하나님께 있고 우리에게 있지 아니함을 알게 하려 함이라 
80|고린도후서 4장|우리가 사방으로 우겨쌈을 당하여도 싸이지 아니하며 
80|고린도후서 4장|답답한 일을 당하여도 낙심하지 아니하며 
80|고린도후서 4장|박해를 받아도 버린 바 되지 아니하며 
80|고린도후서 4장|거꾸러뜨림을 당하여도 망하지 아니하고 
80|고린도후서 4장|우리가 항상 예수의 죽음을 몸에 짊어짐은 
80|고린도후서 4장|예수의 생명이 또한 우리 몸에 나타나게 하려 함이라 
80|고린도후서 4장|우리 살아 있는 자가 항상 예수를 위하여 죽음에 넘겨짐은 
80|고린도후서 4장|예수의 생명이 또한 우리 죽을 육체에 나타나게 하려 함이라(7-11) 
81|에베소서 4장|그러므로 주 안에서 갇힌 내가 너희를 권하노니 
81|에베소서 4장|너희가 부르심을 받은 일에 합당하게 행하여 
81|에베소서 4장|모든 겸손과 온유로 하고 오래 참음으로 사랑 가운데서 서로 용납하고 
81|에베소서 4장|평안의 매는 줄로 성령이 하나 되게 하신 것을 힘써 지키라 
81|에베소서 4장|몸이 하나요 성령도 한 분이시니 
81|에베소서 4장|이와 같이 너희가 부르심의 한 소망 안에서 부르심을 받았느니라 
81|에베소서 4장|주도 한 분이시요 믿음도 하나요 세례도 하나요 
81|에베소서 4장|하나님도 한 분이시니 곧 만유의 아버지시라 
81|에베소서 4장|(다같이) 만유위에 계시고 만유를 통일하시고 만유 가운데 계시도다(1-6)
82|빌립보서 2장|너희 안에 이 마음을 품으라 
82|빌립보서 2장|곧 그리스도 예수의 마음이니 
82|빌립보서 2장|그는 근본 하나님의 본체시나 
82|빌립보서 2장|하나님과 동등됨을 취할 것으로 여기지 아니하시고 
82|빌립보서 2장|오히려 자기를 비워 종의 형체를 가지사 
82|빌립보서 2장|사람들과 같이 되셨고 사람의 모양으로 나타나사 
82|빌립보서 2장|자기를 낮추시고 죽기까지 복종하셨으니 곧 십자가에 죽으심이라 
82|빌립보서 2장|이러므로 하나님이 그를 지극히 높여 모든 이름 위에 뛰어난 이름을 주사 
82|빌립보서 2장|하늘에 있는 자들과 땅에 있는 자들과 땅 아래에 있는 자들로 
82|빌립보서 2장|모든 무릎을 예수의 이름에 꿇게 하시고 
82|빌립보서 2장|(다같이) 모든 입으로 예수 그리스도를 주라 시인하여 하나님 아버지께 영광을 돌리게 하셨느니라(5-11)  
83|빌립보서 4장|주 안에서 항상 기뻐하라 내가 다시 말하노니 기뻐하라 
83|빌립보서 4장|너희 관용을 모든 사람에게 알게 하라 주께서 가까우시니라 
83|빌립보서 4장|아무 것도 염려하지 말고 다만 모든 일에 기도와 간구로 
83|빌립보서 4장|너희 구할 것을 감사함으로 하나님께 아뢰라 
83|빌립보서 4장|그리하면 모든 지각에 뛰어난 하나님의 평강이그리스도 예수 안에서 너희 마음과 생각을 지키시리라 
83|빌립보서 4장|끝으로 형제들아 무엇에든지 참되며 무엇에든지 경건하며 무엇에든지 옳으며 
83|빌립보서 4장|무엇에든지 정결하며 무엇에든지 사랑 받을 만하며 무엇에든지 칭찬 받을 만하며 
83|빌립보서 4장|무슨 덕이 있든지 무슨 기림이 있든지 이것들을 생각하라 
83|빌립보서 4장|너희는 내게 배우고 받고 듣고 본 바를 행하라 
83|빌립보서 4장|(다같이) 그리하면 평강의 하나님이 너희와 함께 계시리라(4-9)
84|히브리서 11장|믿음은 바라는 것들의 실상이요 보이지 않는 것들의 증거니 
84|히브리서 11장|선진들이 이로써 증거를 얻었느니라 
84|히브리서 11장|믿음으로 모든 세계가 하나님의 말씀으로 지어진 줄을 우리가 아나니 
84|히브리서 11장|보이는 것은 나타난 것으로 말미암아 된 것이 아니니라 
84|히브리서 11장|믿음으로 아벨은 가인보다 더 나은 제사를 하나님께 드림으로 의로운 자라 하시는 증거를 얻었으니 
84|히브리서 11장|하나님이 그 예물에 대하여 증언하심이라 그가 죽었으나 그 믿음으로써 지금도 말하느니라 
84|히브리서 11장|믿음으로 에녹은 죽음을 보지 않고 옮겨졌으니 하나님이 그를 옮기심이로 다시 
84|히브리서 11장|보이지 아니하였느니라 
84|히브리서 11장|그는 옮겨지기 전에 하나님을 기쁘시게 하는 자라 하는 증거를 받았느니라 
84|히브리서 11장|믿음이 없이는 하나님을 기쁘시게 하지 못하나니 
84|히브리서 11장|하나님께 나아가는 자는 반드시 그가 계신 것과 또한 그가 자기를 찾는 자들에게 
84|히브리서 11장|상주시는 이심을 믿어야 할지니라(1-6)
85|요한1서 4장|사랑하는 자들아 우리가 서로 사랑하자 사랑은 하나님께 속한 것이니 
85|요한1서 4장|사랑하는 자마다 하나님으로부터 나서 하나님을 알고 
85|요한1서 4장|사랑하지 아니하는 자는 하나님을 알지 못하나니 
85|요한1서 4장|이는 하나님은 사랑이심이라 
85|요한1서 4장|하나님의 사랑이 우리에게 이렇게 나타난 바 되었으니 
85|요한1서 4장|하나님이 자기의 독생자를 세상에 보내심은 그로 말미암아 우리를 살리려 하심이라 
85|요한1서 4장|사랑은 여기 있으니 우리가 하나님을 사랑한 것이 아니요 
85|요한1서 4장|하나님이 우리를 사랑하사 우리 죄를 속하기 위하여 화목 제물로 그 아들을 보내셨음이라 
85|요한1서 4장|사랑하는 자들아 하나님이 이같이 우리를 사랑하셨은즉 
85|요한1서 4장|우리도 서로 사랑하는 것이 마땅하도다 
85|요한1서 4장|어느 때나 하나님을 본 사람이 없으되 만일 우리가 서로 사랑하면 
85|요한1서 4장|하나님이 우리 안에 거하시고 그의 사랑이 우리 안에 온전히 이루어지느니라
86|요한계시록 14장|또 내가 보니 보라 어린 양이 시온 산에 섰고 그와 함께 십사만 사천이 서있는데 
86|요한계시록 14장|그들의 이마에는 어린 양의 이름과 그 아버지의 이름을 쓴 것이 있더라 
86|요한계시록 14장|내가 하늘에서 나는 소리를 들으니 많은 물소리와도 같고 큰 우렛소리와도 같은데 
86|요한계시록 14장|내가 들은 소리는 거문고 타는 자들이 그 거문고를 타는 것 같더라 
86|요한계시록 14장|그들이 보좌 앞과 네 생물과 장로들 앞에서 새 노래를 부르니 
86|요한계시록 14장|땅에서 속량함을 받은 십사만 사천 밖에는 능히 이 노래를 배울 자가 없더라 
86|요한계시록 14장|이 사람들은 여자와 더불어 더럽히지 아니하고 순결한 자라 
86|요한계시록 14장|어린 양이 어디로 인도하든지 따라가는 자며 
86|요한계시록 14장|사람 가운데에서 속량함을 받아 처음 익은 열매로 하나님과 어린 양에게 속한 자들이니 
86|요한계시록 14장|그 입에 거짓말이 없고 흠이 없는 자들이더라(1-5)
87|요한계시록 21장|또 내가 새 하늘과 새 땅을 보니 
87|요한계시록 21장|처음 하늘과 처음 땅이 없어졌고 바다도 다시 있지 않더라 
87|요한계시록 21장|또 내가 보매 거룩한 성 새 예루살렘이 하나님께로부터 하늘에서 내려오니 
87|요한계시록 21장|그 준비한 것이 신부가 남편을 위하여 단장한 것 같더라 
87|요한계시록 21장|내가 들으니 보좌에서 큰 음성이 나서 이르되 
87|요한계시록 21장|보라 하나님의 장막이 사람들과 함께 있으매 
87|요한계시록 21장|하나님이그들과 함께 계시리니 그들은 하나님의 백성이 되고 
87|요한계시록 21장|하나님은 친히 그들과 함께 계셔서 모든 눈물을 그 눈에서 닦아 주시니 
87|요한계시록 21장|다시는 사망이 없고 애통하는 것이나 곡하는 것이나 아픈 것이 다시 있지 아니하리니 
87|요한계시록 21장|처음 것들이 다 지나갔음이러라 
87|요한계시록 21장|보좌에 앉으신 이가 이르시되 
87|요한계시록 21장|보라 내가 만물을 새롭게 하노라(1-5상)
88|세례(침례) (1)|하늘에 계시는 주여 내가 눈을 들어 주께 향하나이다 
88|세례(침례) (1)|여호와 우리 하나님을 바라보며 우리에게 은혜 베풀어 주시기를 기다리나이다 
88|세례(침례) (1)|우리가 아직 죄인 되었을 때에 그리스도께서 우리를 위하여 죽으심으로 
88|세례(침례) (1)|하나님께서 우리에 대한 자기의 사랑을 확증하셨느니라 
88|세례(침례) (1)|그러면 이제 우리가 그의 피로 말미암아 의롭다 하심을 받았으니 
88|세례(침례) (1)|더욱 그로 말미암아 진노하심에서 구원을 받을 것이니(롬 5:8-9) 
88|세례(침례) (1)|이는 아버지의 영광으로 말미암아 그리스도를 죽은 자 가운데서 살리심과 같이 
88|세례(침례) (1)|우리로 또한 새 생명 가운데서 행하게 하려 함이라(롬 6:4하) 
88|세례(침례) (1)|그러므로 너희가 그리스도 예수를 주로 받았으니 
88|세례(침례) (1)|그 안에서 행하되 그 안에 뿌리를 박으며 새움을 받아 
88|세례(침례) (1)|(다같이) 교훈을 받은 대로 믿음에 굳게 서서 감사함을 넘치게 하라(골 2:6-7)
89|세례(침례) (2)|무릇 그리스도 예수와 합하여 세례를 받은 우리는 
89|세례(침례) (2)|그의 죽으심과 합하여 세례를 받은 줄을 알지 못하느냐 
89|세례(침례) (2)|그러므로 우리가 그의 죽으심과 합하여 세례를 받음으로 그와 함께 장사되었나니 
89|세례(침례) (2)|이는 아버지의 영광으로 말미암아 그리스도를 죽은 자 가운데서 살리심과 같이 
89|세례(침례) (2)|우리로 또한 새 생명 가운데서 행하게 하려 함이라 
89|세례(침례) (2)|만일 우리가 그의 죽으심과 같은 모양으로 연합한 자가 되었으면 또한 그의 부활과 같은 모양으로 연합한 자도 되리라 
89|세례(침례) (2)|우리가 알거니와 우리의 옛 사람이 예수와 함께 십자가에 못 박힌 것은 죄의 몸이 죽어 다시는 우리가 죄에게 종 노릇 하지 아니하려 함이니 
89|세례(침례) (2)|이는 죽은 자가 죄에서 벗어나 의롭다 하심을 얻었음이라 
89|세례(침례) (2)|만일 우리가 그리스도와 함께 죽었으면 또한 그와 함께 살 줄을 믿노니 
89|세례(침례) (2)|이는 그리스도와죽은 자 가운데서 살아나셨으매 다시 죽지 아니하시고 
89|세례(침례) (2)|(다같이) 사망이 다시 그를 주장하지 못할 줄을 앎이로라(롬 6:3-9)
90|세례(침례) (3)|예수께서 대답하여 이르시되 진실로 진실로 네게 이르노니 
90|세례(침례) (3)|사람이 거듭나지 아니하면 하나님의 나라를 볼 수 없느니라 
90|세례(침례) (3)|니고데모가 이르되 사람이 늙으면 어떻게 날 수 있사옵나이까 
90|세례(침례) (3)|두 번째 모태에 들어갔다가 날 수 있사옵나이까 
90|세례(침례) (3)|예수께서 대답하시되 진실로 진실로 네게 이르노니 
90|세례(침례) (3)|사람이 물과 성령으로 나지 아니하면 하나님의 나라에 들어갈 수 없느니라 
90|세례(침례) (3)|육으로 난 것은 육이요 영으로 난 것은 영이니 
90|세례(침례) (3)|내가 네게 거듭나야 하겠다 하는 말을 놀랍게 여기지 말라(요 3:3-7) 
90|세례(침례) (3)|무릇 그리스도 예수와 합하여 세례를 받은 우리는 
90|세례(침례) (3)|그의 죽으심과 합하여 세례를 받은 줄을 알지 못하느냐 
90|세례(침례) (3)|그러므로 우리가 그의 죽으심과 합하여 세례를 받음으로 그와 함께 장사되었나니 
90|세례(침례) (3)|이는 아버지의 영광으로 말미암아 그리스도를 죽은 자 가운데서 살리심과 같이 
90|세례(침례) (3)|(다같이) 우리로 또한 새 생명 가운데서 행하게 하려 함이라(롬 6:3-4)
91|성찬(1)|예수께서 이르시되 나는 생명의 떡이니 내게 오는 자는 결코 주리지 아니할 터이요 
91|성찬(1)|나를 믿는 자는 영원히 목마르지 아니하리라(요 6:35) 
91|성찬(1)|나는 하늘에서 내려온 살아 있는 떡이니 사람이 이 떡을 먹으면 영생하리라 
91|성찬(1)|내가 줄 떡은 곧 세상의 위한 내 살이니라 하시니라(요 6:51) 
91|성찬(1)|내 살을 먹고 내 피를 마시는 자는 영생을 가졌고 마지막 날에 내가 그를 다시 살리리니 
91|성찬(1)|내 살은 참된 양식이요 내 피는 참된 음료로다 
91|성찬(1)|내 살을 먹고 내 피를 마시는 자는 내 안에 거하고 나도 그의 안에 거하나니 
91|성찬(1)|살아 계신 아버지께서 나를 보내시매 내가 아버지로 말미암아 사는 것같이 
91|성찬(1)|나를 먹는 그 사람도 나로 말미암아 살리라(요 6:54-57) 
91|성찬(1)|새 계명을 너희에게 주노니 서로 사랑하라 내가 너희를 사랑한 것같이 너희도 서로 사랑하라 
91|성찬(1)|너희가 서로 사랑하면 이로써 모든 사람이 너희가 내 제자인 줄 알리라(요 13:34-35)
92|성찬(2)|때가 이르매 예수께서 사도들과 함께 앉으사 이르시되 
92|성찬(2)|내가 고난을 받기 전에 너희와 함께 이 유월절 먹기를 원하고 원하였노라(눅 22:14-15) 
92|성찬(2)|내가 너희에게 이르노니 내가 이제부터 하나님의 나라가 임할 때까지 
92|성찬(2)|포도나무에서 난 것을 다시 마시지 아니하리라 하시고 
92|성찬(2)|또 떡을 가져 감사 기도 하시고 떼어 그들에게 주시며 이르시되 
92|성찬(2)|이것은 너희를 위하여 주는 내 몸이라 너희가 이를 행하여 나를 기념하라 하시고 
92|성찬(2)|저녁 먹은 후에 잔도 그와 같이 하여 이르시되 
92|성찬(2)|이 잔은 내 피로 세우는 새 언약이니 곧 너희를 위하여 붓는 것이라(눅 22:18-20)
93|새해(1)|주께서 옛적에 땅의 기초를 놓으셨사오며 하늘도 주의 손으로 지으신 바니이다 
93|새해(1)|천지는 없어지려니와 주는 영존하시겠고 
93|새해(1)|그것들은 다 옷같이 낡으리니 의복같이 바꾸시면 바뀌려니와 
93|새해(1)|주는 한결같으시고 주의 연대는 무궁하리이다(시102:25-27) 
93|새해(1)|너희는 이전 일을 기억하지 말며 옛날 일을 생각하지 말라 
93|새해(1)|보라 내가 새 일을 행하리니 이제 나타낼 것이라(사43:18-19상) 
93|새해(1)|너희는 유혹의 욕심을 따라 썩어져 가는 구습을 따르는 옛 사람을 벗어 버리고 
93|새해(1)|오직 너희의 심령이 새롭게 되어 하나님을 따라 의와 진리의 거룩함으로 
93|새해(1)|지으심을 받은 새 사람을 입으라(엡4:22-24) 
93|새해(1)|그런즉 누구든지 그리스도 안에 있으면 새로운 피조물이라 
93|새해(1)|이전 것은 지나갔으니 보라 새 것이 되었도다(고후5:17) 
93|새해(1)|새 계명을 너희에게 주노니 서로 사랑하라 
93|새해(1)|내가 너희를 사랑한 것같이 너희도 서로 사랑하라(요13:34)
94|새해(2)|찬송하리로다 하나님 곧 우리 주 예수 그리스도의 아버지께서 
94|새해(2)|그리스도 안에서 하늘에 속한 모든 신령한 복을 우리에게 주시되 
94|새해(2)|곧 창세 전에 그리스도 안에서 우리를 택하사 우리로 사랑 안에서 그 앞에 거룩하고 흠이 없게 하시려고 
94|새해(2)|그 기쁘신 뜻대로 우리를 예정하사 예수 그리스도로 말미암아 자기의 아들들이 되게 하셨으니 
94|새해(2)|이는 그가 사랑하시는 자 안에서 우리에게 거저 주시는 바 그의 은혜의 영광을 찬송하게 하려는 것이라 
94|새해(2)|우리는 그리스도 안에서 그의 은혜의 풍성함을 따라 그의 피로 말미암아 속량 곧 죄 사함을 받았느니라 
94|새해(2)|이는 그가 모든 지혜와 총명을 우리에게 넘치게 하사 그 뜻의 비밀을 우리에게 알리신 것이요(엡1:3-9상) 
94|새해(2)|하늘에 있는 것이나 땅에 있는 것이 다 그리스도 안에서 통일되게 하려 하심이라 
94|새해(2)|모든 일을 그의 뜻의 결정대로 일하시는 이의 계획을 따라 우리가 예정을 입어 그 안에서 기업이 되었으니 
94|새해(2)|이는 우리가 그리스도 안에서 전부터 바라던 그의 영광의 찬송이 되게 하려 하심이라(엡1:10-12)
95|가정주일|내가 사람의 방언과 천사의 말을 할지라도 
95|가정주일|사랑이 없으면 소리 나는 구리와 울리는 꽹과리가 되고 
95|가정주일|내가 예언하는 능력이 있어 모든 비밀과 모든 지식을 알고 또 산을 옮길 만한 모든 믿음이 있을지라도 
95|가정주일|사랑이 없으면 내가 아무 것도 아니요 
95|가정주일|내가 내게 있는 모든 것으로 구제하고 또 내 몸을 불사르게 내줄지라도 
95|가정주일|사랑이 없으면 내게 아무 유익이 없느니라 
95|가정주일|사랑은 오래 참고 사랑은 온유하며 
95|가정주일|시기하지 아니하며 사랑은 자랑하지 아니하며 교만하지 아니하며 
95|가정주일|무례히 행하지 아니하며 자기의 유익을 구하지 아니하며 
95|가정주일|성내지 아니하며 악한 것을 생각하지 아니하며 불의를 기뻐하지 아니하며 
95|가정주일|진리와 함께 기뻐하고 모든 것을 참으며 
95|가정주일|모든 것을 믿으며 모든 것을 바라며 모든 것을 견디느니라 
95|가정주일|사랑은 언제까지나 떨어지지 아니하되 
95|가정주일|예언도 폐하고 방언도 그치고 지식도 폐하리라(고전13:1-8) 
95|가정주일|(다같이) 그런즉 믿음, 소망, 사랑, 이 세 가지는 항상 있을 것인데 그 중의 제일은 사랑이라(고전 13:13)
96|어린이주일|보라 자식들은 여호와의 기업이요 
96|어린이주일|태의 열매는 그의 상급이로다 
96|어린이주일|젊은 자의 자식은 장사의 수중의 화살 같으니 
96|어린이주일|이것이 그의 화살통에 가득한 자는 복되도다(시127:3-5상) 
96|어린이주일|이르시되 진실로 너희에게 이르노니 너희가 돌이켜 어린 아이들과 같이 되지 아니하면 
96|어린이주일|결단코 천국에 들어가지 못하리라 
96|어린이주일|그러므로 누구든지 이 어린 아이와 같이 자기를 낮추는 사람이 
96|어린이주일|천국에서 큰 자니라 
96|어린이주일|또 누구든지 내 이름으로 이런 어린 아이 하나를 영접하면 
96|어린이주일|곧 나를 영접함이니(마18:3-5) 
96|어린이주일|또 아비들아 너희 자녀를 노엽게 하지 말고 오직 주의 교훈과 훈계로 양육하라(엡6:4) 
96|어린이주일|마땅히 행할 길을 아이에게 가르치라 
96|어린이주일|(다같이) 그리하면 늙어도 그것을 떠나지 아니하리라(잠22:6)
97|청년주일|너는 청년의 때에 너의 창조주를 기억하라 곧 곤고한 날이 이르기 전에 
97|청년주일|나는 아무 낙이 없다고 할 해들이 가깝기 전에 
97|청년주일|해와 빛과 달과 별들이 어둡기 전에 
97|청년주일|비 뒤에 구름이 다시 일어나기 전에 그리하라(전12:1-2) 
97|청년주일|청년이여 네 어린 때를 즐거워하며 네 청년의 날들을 마음에 기뻐하여 마음에 원하는 길들과 네 눈이 보는 대로 행하라 
97|청년주일|그러나 하나님이 이 모든 일로 말미암아 너를 심판하실 줄 알라(전11:9) 
97|청년주일|여호와를 경외하는 것이 지식의 근본이거늘 
97|청년주일|미련한 자는 지혜와 훈계를 멸시하느니라(잠1:7) 
97|청년주일|청년이 무엇으로 그의 행실을 깨끗하게 하리이까 
97|청년주일|주의 말씀만 지킬 따름이니이다(시119:9) 
97|청년주일|또한 너는 청년의 정욕을 피하고 
97|청년주일|주를 깨끗한 마음으로 부르는 자들과 함께 의와 믿음과 사랑과 화평을 따르라(딤후 2:22) 
97|청년주일|주의 권능의 날에 주의 백성이 거룩한 옷을 입고 즐거이 헌신하니 
97|청년주일|새벽 이슬 같은 주의 청년들이 주께 나오는도다(시110:3)
98|어버이주일|네 부모를 공경하라 
98|어버이주일|그리하면 네 하나님 여호와가 네게 준 땅에서 네 생명이 길리라(출20:12) 
98|어버이주일|내 아들아 네 아비의 훈계를 들으며 네 어미의 법을 떠나지 말라 
98|어버이주일|이는 네 머리의 아름다운 관이요 네 목의 금 사슬이니라(잠1:8-9) 
98|어버이주일|너를 낳은 아비에게 청종하고 네 늙은 어미를 경히 여기지 말지니라(잠23:22) 
98|어버이주일|네 부모를 즐겁게 하며 너를 낳은 어미를 기쁘게 하라(잠23:25) 
98|어버이주일|자녀들아 주 안에서 너희 부모에게 순종하라 이것이 옳으니라 
98|어버이주일|네 아버지와 어머니를 공경하라 이것은 약속이 있는 첫 계명이니 이로써 네가 잘 되고 땅에서 장수하리라(엡6:1-3)
99|나라 사랑(1)|온 땅은 여호와를 두려워하며 세상의 모든 거민들은 그를 경외할지어다(시33:8) 
99|나라 사랑(1)|여호와께서 나라들의 계획을 폐하시며 민족들의 사상을 무효하게 하시도다 
99|나라 사랑(1)|여호와의 계획은 영원히 서고 그의 생각은 대대에 이르리로다 
99|나라 사랑(1)|여호와를 자기 하나님으로 삼은 나라 곧 하나님의 기업으로 선택된 백성은 복이 있도다 
99|나라 사랑(1)|여호와께서 하늘에서 굽어보사 모든 인생을 살피심이여 
99|나라 사랑(1)|곧 그가 거하시는 곳에서 세상의 모든 거민들을 굽어살피시는도다(시33:10-14) 
99|나라 사랑(1)|많은 군대로 구원 얻은 왕이 없으며 
99|나라 사랑(1)|용사가 힘이 세어도 스스로 구원하지 못하는도다(시33:16) 
99|나라 사랑(1)|여호와는 그를 경외하는 자 곧 그의 인자하심을 바라는 자를 살피사 
99|나라 사랑(1)|그들의 영혼을 사망에서 건지시며 그들이 굶주릴 때에 그들을 살리시는도다 
99|나라 사랑(1)|우리 영혼이 여호와를 바람이여 그는 우리의 도움과 방패시로다(시33:18-20) 
99|나라 사랑(1)|여호와여 우리가 주께 바라는 대로 주의 인자하심을 우리에게 베푸소서(시33:22)
100|나라 사랑(2)|할렐루야 내 영혼아 여호와를 찬양하라 
100|나라 사랑(2)|나의 생전에 여호와를 찬양하며 나의 평생에 내 하나님을 찬송하리로다 
100|나라 사랑(2)|귀인들을 의지하지 말며 도울 힘이 없는 인생도 의지하지 말지니 
100|나라 사랑(2)|그의 호흡이 끊어지면 흙으로 돌아가서 그 날에 그의 생각이 소멸하리로다 
100|나라 사랑(2)|야곱의 하나님을 자기의 도움으로 삼으며 
100|나라 사랑(2)|여호와 자기 하나님에게 자기의 소망을 두는 자는 복이 있도다 
100|나라 사랑(2)|여호와는 천지와 바다와 그 중의 만물을 지으시며 영원히 진실함을 지키시며 
100|나라 사랑(2)|억눌린 사람들을 위해 정의로 심판하시며 주린 자들에게 먹을 것을 주시는 이시로다 
100|나라 사랑(2)|여호와께서는 갇힌 자들에게 자유를 주시는도다 여호와께서 맹인들의 눈을 여시며 여호와께서 비굴한 자들을 일으키시며 
100|나라 사랑(2)|여호와께서 의인들을 사랑하시며 여호와께서 나그네들을 보호하시며 고아와 과부를 붙드시고 악인들의 길은 굽게 하시는도다(시146:1-9)
101|나라 사랑(3)|내가 여호와를 찬송하리니 그는 높고 영화로우심이요 
101|나라 사랑(3)|말과 그 탄 자를 바다에 던지셨음이로다 
101|나라 사랑(3)|여호와는 나의 힘이요 노래시며 나의 구원이시로다 
101|나라 사랑(3)|그는 나의 하나님이시니 내가 그를 찬송할 것이요(출15:1하-2상) 
101|나라 사랑(3)|여호와여 주의 오른손이 권능으로 영광을 나타내시니이다 
101|나라 사랑(3)|여호와여 주의 오른손이 원수를 부수시니이다(출15:6) 
101|나라 사랑(3)|여호와께서 시온의 포로를 돌려 보내실 때에 우리는 꿈꾸는 것 같았도다 
101|나라 사랑(3)|그 때에 우리 입에는 웃음이 가득하고 우리 혀에는 찬양이 찼었도다 
101|나라 사랑(3)|그 때에 뭇 나라 가운데에서 말하기를 여호와께서 그들을 위하여 큰 일을 행하셨다 하였도다 
101|나라 사랑(3)|여호와께서 우리를 위하여 큰 일을 행하셨으니 우리는 기쁘도다(시126:1-3) 
101|나라 사랑(3)|흑암에 행하던 백성이 큰 빛을 보고 
101|나라 사랑(3)|사망의 그늘진 땅에 거주하던 자에게 빛이 비치도다 
101|나라 사랑(3)|(다같이) 주께서 이 나라를 창성하게 하시며 나의 기업 이스라엘이여, 복이 있을지어다 하실 것임이라(사9:2-3상, 19:25하)
102|나라 사랑(4)|그 땅 이스라엘 모든 산에서 그들이 한 나라를 이루어서 한 임금이 모두 다스리게 하리니 
102|나라 사랑(4)|그들이 다시는 두 민족이 되지 아니하며 두 나라로 나누이지 아니할지라 
102|나라 사랑(4)|그들이 그 우상들과 가증한 물건과 그 모든 죄악으로 더 이상 자신들을 더럽히지 아니하리라 
102|나라 사랑(4)|내가 그들을 그 범죄한 처소에서 구원하여 정결하게 한즉 
102|나라 사랑(4)|그들은 내 백성이 되고 나는 그들의 하나님이 되리라(겔 37:22-23) 
102|나라 사랑(4)|그가 열방 사이에 판단하시며 많은 백성을 판결하시리니 
102|나라 사랑(4)|무리가 그들의 칼을 펴서 보습을 만들고 그들의 창을 쳐서 낫을 만들 것이며 
102|나라 사랑(4)|이 나라와 저 나라가 다시는 칼을 들고 서로 치지 아니하며 다시는 전쟁을 연습하지 아니리라
102|나라 사랑(4)|내가 에브라임의 병거와 예루살렘의 말을 끊겠고 전쟁하는 활도 끊으리니 
102|나라 사랑(4)|그가 이방 사람에게 화평을 전할 것이요 
102|나라 사랑(4)|그의 통치는 바다에서 바다까지 이르고 유브라데 강에서 땅 끝까지 이르리라(슥 9:10) 
102|나라 사랑(4)|보라 형제가 연합하여 동거함이 어찌 그리 선하고 아름다운고 
102|나라 사랑(4)|머리에 있는 보배로운 기름이 수염 곧 아론의 수염에 흘러서 그의 옷깃까지 내림 같고 
102|나라 사랑(4)|헐몬의 이슬이 시온의 산들에 내림 같도다 거기서 여호와께서 복을 명령하셨나니 곧 영생이로다
103|나라사랑(5)|내가 비옵는 것은 그들을 세상에서 데려가시기를 위함이 아니요 
103|나라사랑(5)|다만 악에 빠지지 않게 보전하시기를 위함이니이다 
103|나라사랑(5)|내가 세상에 속하지 아니함같이 그들도 세상에 속하지 아니하였사옵나이다 
103|나라사랑(5)|그들을 진리로 거룩하게 하옵소서 아버지의 말씀은 진리니이다 
103|나라사랑(5)|아버지께서 나를 세상에 보내신 것같이 
103|나라사랑(5)|나도 그들을 세상에 보내었고 
103|나라사랑(5)|또 그들을 위하여 내가 나를 거룩하게 하오니 
103|나라사랑(5)|이는 그들도 진리로 거룩함을 얻게 하려 함이니이다(요17:15-19) 
103|나라사랑(5)|아버지여, 아버지께서 내 안에, 내가 아버지 안에 있는 것같이 
103|나라사랑(5)|그들도 다 하나가 되어 우리 안에 있게 하사 
103|나라사랑(5)|세상으로 아버지께서 나를 보내신 것을 믿게 하옵소서 
103|나라사랑(5)|내게 주신 영광을 내가 그들에게 주었사오니 
103|나라사랑(5)|(다같이) 이는 우리가 하나가 된 것같이 그들도 하나가 되게 하려 함이니이다(요17:21-22)
104|종교개혁주일|나의 힘이신 여호와여 내가 주를 사랑하나이다 
104|종교개혁주일|여호와는 나의 반석이시오 나의 요새시오 나를 건지시는 이시오 
104|종교개혁주일|나의 하나님이시오 내가 그 안에 피할 나의 바위시오 나의 방패시오 
104|종교개혁주일|나의 구원의 뿔이시오 나의 산성이시로다(시18:1-2) 
104|종교개혁주일|예수께서 이르시되 오히려 하나님의 말씀을 듣고 지키는 자가 복이 있느니라 하시니라
104|종교개혁주일|내가 복음을 부끄러워하지 아니하오니 
104|종교개혁주일|이 복음은 모든 믿는 자에게 구원을 주시는 하나님의 능력이 됨이라 
104|종교개혁주일|먼저는 유대인에게요 그리고 헬라인에게로다 
104|종교개혁주일|복음에는 하나님의 의가 나타나서 믿음으로 믿음에 이르게 하나니 
104|종교개혁주일|기록된 바 오직 의인은 믿음으로 말미암아 살리라 함과 같으니라(롬1:16-17) 
104|종교개혁주일|너희가 내 말에 거하면 참으로 내 제자가 되고 
104|종교개혁주일|진리를 알지니 진리가 너희를 자유롭게 하리라(요8:31하-32) 
104|종교개혁주일|우리 주 예수 그리스도로 말미암아 우리에게 승리를 주시는 하나님께 감사하노니 
104|종교개혁주일|그러므로 내 사랑하는 형제들아 견실하며 흔들리지 말고 
104|종교개혁주일|(다같이) 항상 주의 일에 더욱 힘쓰는 자들이 되라(고전15:57-58상)
105|감사절(1)|여호와께 감사하라 그는 선하시며 
105|감사절(1)|그 인자하심이 영원함이로다(시107:1) 
105|감사절(1)|여호와께 감사하고 그의 이름을 불러 아뢰며 
105|감사절(1)|그가 하는 일을 만민 중에 알게 할지어다(시105:1) 
105|감사절(1)|그들이 광야 사막 길에서 방황하며 거주할 성읍을 찾지 못하고 
105|감사절(1)|주리고 목이 말라 그들의 영혼이 그들 안에서 피곤하였도다 
105|감사절(1)|이에 그들이 근심 중에 여호와께 부르짖으매 
105|감사절(1)|그들의 고통에서 건지시고 또 바른 길로 인도하사 거주할 성읍에 이르게 하셨도다 
105|감사절(1)|여호와의 인자하심과 인생에게 행하신 기적으로 말미암아 그를 찬송할지로다 
105|감사절(1)|그가 사모하는 영혼에게 만족을 주시며 주린 영혼에게 좋은 것으로 채워주심이로다(시107:4-9)
106|감사절(2)|할렐루야 우리 하나님을 찬양하는 일이 선함이여 찬송하는 일이 아름답고 마땅하도다 
106|감사절(2)|여호와께서 예루살렘을 세우시며 이스라엘의 흩어진 자들을 모으시며 
106|감사절(2)|상심한 자들을 고치시며 그들의 상처를 싸매시는도다 
106|감사절(2)|그가 별들의 수효를 세시고 그것들을 다 이름대로 부르시는도다 
106|감사절(2)|우리 주는 위대하시며 능력이 많으시며 그의 지혜가 무궁하시도다 
106|감사절(2)|여호와께서 겸손한 자들은 붙드시고 악인들은 땅에 엎드러뜨리시는도다 
106|감사절(2)|감사함으로 여호와께 노래하며 수금으로 하나님께 찬양할지어다 
106|감사절(2)|그가 구름으로 하늘을 덮으시며 땅을 위하여 비를 준비하시며 산에 풀이 자라게 하시며 
106|감사절(2)|들짐승과 우는 까마귀 새끼에게 먹을 것을 주시는도다 
106|감사절(2)|여호와는 말의 힘이 세다 하여 기뻐하지 아니하시며 사람의 다리가 억세다 하여 기뻐하지 아니하시고 
106|감사절(2)|(다같이) 여호와는 자기를 경외하는 자들과 그의 인자하심을 바라는 자들을 기뻐하시는도다(시147:1-11)
107|임직식(1)|이에 제자들에게 이르시되 추수할 것은 많되 일꾼이 적으니 
107|임직식(1)|그러므로 추수하는 주인에게 청하여 추수할 일꾼들을 보내 주소서 하라 하시니라
107|임직식(1)|그가 또한 우리를 새 언약의 일꾼 되기에 만족하게 하셨으니 율법 조문으로 하지 아니하고 
107|임직식(1)|오직 영으로 함이니 율법 조문은 죽이는 것이요 영은 살리는 것이니라(고후3:6) 
107|임직식(1)|나를 능하게 하신 그리스도 예수 우리 주께 내가 감사함은 나를 충성되이 여겨 내게 직분을 맡기심이니 
107|임직식(1)|우리 주의 은혜가 그리스도 예수 안에 있는 믿음과 사랑과 함께 넘치도록 풍성하였도다
107|임직식(1)|그 주인이 이르되 잘하였도다 착하고 충성된 종아 네가 적은 일에 충성하였으매 
107|임직식(1)|내가 많은 것을 네게 맡기리니 네 주인의 즐거움에 참여할지어다 하고(마25:23) 
107|임직식(1)|(다같이) 그리고 맡은 자들에게 구할 것은 충성이니라(고전4:2)
108|임직식(2)|우리 각 사람에게 그리스도의 선물의 분량대로 은혜를 주셨나니(엡4:7) 
108|임직식(2)|그가 어떤 사람은 사도로, 어떤 사람은 선지자로, 어떤 사람은 복음 전하는 자로, 어떤 사람은 목사와 교사로 삼으셨으니 
108|임직식(2)|이는 성도를 온전하게 하여 봉사의 일을 하게 하며 그리스도의 몸을 세우려 하심이라 
108|임직식(2)|우리가 다 하나님의 아들을 믿는 것과 아는 일에 하나가 되어 
108|임직식(2)|온전한 사람을 이루어 그리스도의 장성한 분량이 충만한 데까지 이르리니(엡4:11-13) 
108|임직식(2)|오직 사랑 안에서 참된 것을 하여 범사에 그에게까지 자랄지라(엡4:15상) 
108|임직식(2)|그에게서 온 몸이 각 마디를 통하여 도움을 받음으로 연결되고 결합되어 
108|임직식(2)|각 지체의 분량대로 역사하여 그 몸을 자라게 하며 사랑 안에서 스스로 세우느니라(엡4:16)
109|헌당예배|여호와의 집 우리 여호와의 성전 곧 우리 하나님의 성전 뜰에 서 있는 너희여 여호와를 찬송하라 
109|헌당예배|여호와는 선하시며 그의 이름이 아름다우니 그의 이름을 찬양하라(시135:2-3) 
109|헌당예배|내가 주를 위하여 거하실 성전을 건축하였사오니 주께서 영원히 계실 처소로소이다 하고
109|헌당예배|우리가 그의 계신 곳으로 들어가서 그의 발등상 앞에서 엎드려 예배하리로다(시132:7) 
109|헌당예배|문들아 너희 머리를 들지어다 영원한 문들아 들릴지어다 
109|헌당예배|영광의 왕이 들어가시리로다(시24:7) 
109|헌당예배|그러나 나의 하나님 여호와여 주의 종의 기도와 간구를 돌아보시며 
109|헌당예배|주의 종이 주 앞에서 부르짖는 것과 비는 기도를 들으시옵소서(대하6:19) 
109|헌당예배|내가 곧 그들을 나의 성산으로 인도하며 
109|헌당예배|기도하는 내 집에서 그들을 기쁘게 할 것이며 
109|헌당예배|그들의 번제와 희생을 나의 제단에서 기꺼이 받게 되리니 
109|헌당예배|이는 내 집은 만민이 기도하는 집이라 일컬음이 될 것임이라(사56:7) 
109|헌당예배|(다같이) 오직 여호와는 그 성전에 계시니 온 땅은 그 앞에서 잠잠할지니라 하시니라(합2:20)
110|선교주일|온 땅이여 여호와께 노래하며 그의 구원을 날마다 선포할지어다 
110|선교주일|그의 영광을 모든 민족 중에, 그의 기이한 행적을 만민 중에 선포할지어다 
110|선교주일|여호와는 위대하시니 극진히 찬양할 것이요 모든 신보다 경외할 것임이여(대상16:23-25) 
110|선교주일|예수께서 또 이르시되 너희에게 평강이 있을지어다 아버지께서 나를 보내신 
110|선교주일|것같이 나도 너희를 보내노라(요20:21) 
110|선교주일|그러므로 너희는 가서 모든 민족을 제자로 삼아 아버지와 아들과 성령의 이름으로 세례를 베풀고 
110|선교주일|내가 너희에게 분부한 모든 것을 가르쳐 지키게 하라 
110|선교주일|볼지어다 내가 세상 끝날까지 너희와 항상 함께 있으리라 하시니라(마28:19-20) 
110|선교주일|오직 성령이 너희에게 임하시면 너희가 권능을 받고 
110|선교주일|(다같이) 예루살렘과 온 유대와 사마리아와 땅 끝까지 이르러 내 증인이 되리라 하시니라(행1:8)
111|성서주일|여호와여 주의 율례들의 도를 내게 가르치소서 내가 끝까지 지키리이다 
111|성서주일|나로 하여금 깨닫게 하여 주소서 내가 주의 법을 준행하며 전심으로 지키리이다
111|성서주일|주의 말씀의 맛이 내게 어찌 그리 단지요 
111|성서주일|내 입에 꿀보다 더 다니이다 
111|성서주일|주의 법도들로 말미암아 내가 명철하게 되었으므로 
111|성서주일|모든 거짓 행위를 미워하나이다 
111|성서주일|주의 말씀은 내 발에 등이요 내 길에 빛이니이다 
111|성서주일|주의 의로운 규례들을 지키기로 맹세하고 굳게 정하였나이다(시119:103-106) 
111|성서주일|너희가 성경에서 영생을 얻는 줄 생각하고 성경을 연구하거니와 
111|성서주일|이 성경이 곧 내게 대하여 증언하는 것이니라(요5:39) 
111|성서주일|모든 성경은 하나님의 감동으로 된 것으로 교훈과 책망과 바르게 함과 의로 교육하기에 유익하니 
111|성서주일|이는 하나님의 사람으로 온전하게 하며 모든 선한 일을 행할 능력을 갖추게 하려 함이라(딤후3:16-17)
112|자연과 환경|이는 곧 너희의 하나님 여호와께서 너희에게 가르치라고 명하신 명령과 규례와 법도라 
112|자연과 환경|너희가 건너가서 차지할 땅에서 행할 것이니 곧 너와 네 아들과 네 손자들이 평생에 네 하나님 여호와를 경외하며 
112|자연과 환경|내가 너희에게 명한 그 모든 규례와 명령을 지키게 하기 위한 것이며 
112|자연과 환경|또 네 날을 장구하게 하기 위한 것이라 이스라엘아 듣고 삼가 그것을 행하라 
112|자연과 환경|그리하면 네가 복을 받고 네 조상들의 하나님 여호와께서 네게 허락하심같이 
112|자연과 환경|젖과 꿀이 흐르는 땅에서 네가 크게 번성하리라 
112|자연과 환경|이스라엘아 들으라 우리 하나님 여호와는 오직 유일한 여호와이시니 
112|자연과 환경|너는 마음을 다하고 뜻을 다하고 힘을 다하여 네 하나님 여호와를 사랑하라(신6:1-5)
113|자연과 환경|태초에 하나님이 천지를 창조하시니라(창1:1) 
113|자연과 환경|하나님이 지으신 그 모든 것을 보시니 보시기에 심히 좋았더라(창1:31상) 
113|자연과 환경|하늘이 하나님의 영광을 선포하고 
113|자연과 환경|궁창이 그의 손으로 하신 일을 나타내는도다(시19:1) 
113|자연과 환경|땅과 거기에 충만한 것과 세계와 그 가운데에 사는 자들은 다 여호와의 것이로다(시24:1) 
113|자연과 환경|피조물이 고대하는 바는 하나님의 아들들이 나타나는 것이니(롬8:19) 
113|자연과 환경|그 바라는 것은 피조물도 썩어짐의 종 노릇 한 데서 해방되어 
113|자연과 환경|하나님의 자녀들의 영광의 자유에 이르는 것이니라 
113|자연과 환경|피조물이 다 이제까지 함께 탄식하며 함께 고통을 겪고 있는 것을 우리가 아느니라 
113|자연과 환경|그뿐 아니라 또한 우리 곧 성령의 처음 익은 열매를 받은 우리까지도 
113|자연과 환경|속으로 탄식하여 양자 될 것 곧 우리 몸의 속량을 기다리느니라(롬8:21-23) 
113|자연과 환경|내 거룩한 산 모든 곳에서 해 됨도 없고 상함도 없을 것이니 
113|자연과 환경|(다같이) 이는 물이 바다를 덮음같이 여호와를 아는 지식이 세상에 충만할 것임이니라(사11:9)
114|이웃 사랑|주는 주의 힘으로 산을 세우시며 권능으로 띠를 띠시며 
114|이웃 사랑|바다의 설렘과 물결의 흔들림과 만민의 소요까지 진정하시나이다 
114|이웃 사랑|땅 끝에 사는 자가 주의 징조를 두려워하나이다 
114|이웃 사랑|주께서 아침 되는 것과 저녁 되는 것을 즐거워하게 하시며 
114|이웃 사랑|땅을 돌보사 물을 대어 심히 윤택하게 하시며 하나님의 강에 물이 가득하게 하시고 
114|이웃 사랑|이같이 땅을 예비하신 후에 그들에게 곡식을 주시니이다 
114|이웃 사랑|주께서 밭고랑에 물을 넉넉히 대사 그 이랑을 평평하게 하시며 
114|이웃 사랑|또 단비로 부드럽게 하시고 그 싹에 복을 주시나이다 
114|이웃 사랑|주의 은택으로 한 해를 관 씌우시니 주의 길에는 기름 방울이 떨어지며 
114|이웃 사랑|들의 초장에도 떨어지니 작은 산들이 기쁨으로 띠를 띠었나이다 
114|이웃 사랑|초장은 양 떼로 옷 입었고 골짜기는 곡식으로 덮였으매 
114|이웃 사랑|그들이 다 즐거이 외치고 또 노래하나이다(시65:6-13)
115|구주 강림(1)|성문으로 나아가라 나아가라 백성이 올 길을 닦으라 
115|구주 강림(1)|큰 길을 수축하고 수축하라 돌을 제하라 만민을 위하여 기치를 들라 
115|구주 강림(1)|여호와께서 땅 끝까지 선포하시되 너희는 딸 시온에게 이르라 보라 네 구원이 이르렀느니라 
115|구주 강림(1)|보라 상급이 그에게 있고 보응이 그 앞에 있느니라 하셨느니라 
115|구주 강림(1)|사람들이 너를 일컬어 거룩한 백성이라 여호와께서 구속하신 자라 하겠고 
115|구주 강림(1)|또 너를 일컬어 찾은 바 된 자요 버림 받지 아니한 성읍이라 하리라(시62:10-12) 
115|구주 강림(1)|선지자 이사야의 책에 쓴 바 광야에서 외치는 자의 소리가 있어 이르되 
115|구주 강림(1)|너희는 주의 길을 준비하라 그의 오실 길을 곧게 하라 
115|구주 강림(1)|모든 골짜기가 메워지고 모든 산과 작은 산이 낮아지고 
115|구주 강림(1)|굽은 것이 곧아지고 험한 길이 평탄하여질 것이요 
115|구주 강림(1)|(다같이) 모든 육체가 하나님의 구원하심을 보리라 함과 같으니라(눅3:4-6)
116|구주 강림(2)|이새의 줄기에서 한 싹이 나며 그 뿌리에서 한 가지가 나서 결실할 것이요 
116|구주 강림(2)|그의 위에 여호와의 영 곧 지혜와 총명의 영이요 모략과 재능의 영이요 
116|구주 강림(2)|지식과 여호와를 경외하는 영이 강림하시리니 
116|구주 강림(2)|그가 여호와를 경외함으로 즐거움을 삼을 것이며 
116|구주 강림(2)|그의 눈에 보이는 대로 심판하지 아니하며 그의 귀에 들리는 대로 판단하지 아니하며 
116|구주 강림(2)|공의로 가난한 자를 심판하며 정직으로 세상의 겸손한 자를 판단할 것이며 
116|구주 강림(2)|그의 입의 막대기로 세상을 치며 그의 입술의 기운으로 악인을 죽일 것이며 
116|구주 강림(2)|공의로 그의 허리띠를 삼으며 성실로 그의 몸의 띠를 삼으리라 
116|구주 강림(2)|그 때에 이리가 어린 양과 함께 살며 표범이 어린 염소와 함께 누우며 
116|구주 강림(2)|송아지와 어린 사자와 살진 짐승이 함께 있어 어린 아이에게 끌리며 
116|구주 강림(2)|암소와 곰이 함께 먹으며 그것들의 새끼가 함께 엎드리며 사자가 소처럼 풀을 먹을 것이며 
116|구주 강림(2)|젖 먹는 아이가 독사의 구멍에서 장난하며 젖 뗀 어린 아이가 독사의 굴에 손을넣을 것이라 
116|구주 강림(2)|내 거룩한 산 모든 곳에서 해 됨도 없고 상함도 없을 것이니 
116|구주 강림(2)|이는 물이 바다를 덮음같이 여호와를 아는 지식이 세상에 충만할 것임이니라 
116|구주 강림(2)|그 날에 이새의 뿌리에서 한 싹이 나서 만민의 기치로 설 것이요 
116|구주 강림(2)|열방이 그에게로 돌아오리니 그가 거한 곳이 영화로우리라(사11:1-10)
117|구주 강림(3)|광야와 메마른 땅이 기뻐하며 사막이 백합화같이 피어 즐거워하며 
117|구주 강림(3)|무성하게 피어 기쁜 노래로 즐거워하며 레바논의 영광과 갈멜과 사론의 아름다움을 얻을 것이라 
117|구주 강림(3)|그것들이 여호와의 영광 곧 우리 하나님의 아름다움을 보리로다 
117|구주 강림(3)|너희는 약한 손을 강하게 하며 떨리는 무릎을 굳게 하며 
117|구주 강림(3)|겁내는 자들에게 이르기를 굳세어라, 두려워하지 말라, 보라 너희 하나님이 오사 
117|구주 강림(3)|보복하시며 갚아 주실 것이라 하나님이 오사 너희를 구하시리라 하라 
117|구주 강림(3)|그 때에 맹인의 눈이 밝을 것이며 못 듣는 사람의 귀가 열릴 것이며 
117|구주 강림(3)|그 때에 저는 자는 사슴같이 뛸 것이며 말 못하는 자의 혀는 노래하리니 
117|구주 강림(3)|이는 광야에서 물이 솟겠고 사막에서 시내가 흐를 것임이라 
117|구주 강림(3)|뜨거운 사막이 변하여 못이 될 것이며 메마른 땅이 변하여 원천이 될 것이며 
117|구주 강림(3)|승냥이의 눕던 곳에 풀과 갈대와 부들이 날 것이며 
117|구주 강림(3)|거기에 대로가 있어 그 길을 거룩한 길이라 일컫는 바 되리니 
117|구주 강림(3)|(다같이) 깨끗하지 못한 자는 지나가지 못하겠고 오직 구속함을 입은 자들을 위하여 있게
117|구주 강림(3)|될 것이라(사35:1-8상)
118|구주 강림(4)|나는 시온의 의가 빛같이, 예루살렘의 구원이 횃불같이 나타나도록 
118|구주 강림(4)|시온을 위하여 잠잠하지 아니하며 예루살렘을 위하여 쉬지 아니할 것인즉 
118|구주 강림(4)|이방 나라들이 네 공의를, 뭇 왕이 다 네 영광을 볼 것이요 
118|구주 강림(4)|너는 여호와의 입으로 정하실 새 이름으로 일컬음이 될 것이며 
118|구주 강림(4)|너는 또 여호와의 손의 아름다운 관, 네 하나님의 손의 왕관이 될 것이라(사62:1-3) 
118|구주 강림(4)|원하건대 주는 하늘을 가르고 강림하시고 주 앞에서 산들이 진동하기를 
118|구주 강림(4)|불이 섶을 사르며 불이 물을 끊임 같게 하사 주의 원수들이 주의 이름을 알게 하시며 이방 나라들로 주 앞에서 떨게 하옵소서 
118|구주 강림(4)|주께서 강림하사 우리가 생각하지 못한 두려운 일을 행하시던 그 때에 산들이 주 앞에서 진동하였사오니 
118|구주 강림(4)|(다같이) 주 외에는 자기를 앙망하는 자를 위하여 이런 일을 행한 신을 옛부터 들은 자도 없고 귀로 들은 자도 없고 눈으로 본 자도 없었나이다(사64:1-4)
119|성탄절(1)|여호와의 영광이 나타나고 
119|성탄절(1)|모든 육체가 그것을 함께 보리라 이는 여호와의 입이 말씀하셨느니라(사40:5) 
119|성탄절(1)|베들레헴 에브라다야 너는 유다 족속 중에 작을지라도 
119|성탄절(1)|이스라엘을 다스릴 자가 네게서 내게로 나올 것이라 그의 근본은 상고에, 영원에 있느니라
119|성탄절(1)|이는 한 아기가 우리에게 났고 한 아들을 우리에게 주신 바 되었는데 
119|성탄절(1)|그의 어깨에는 정사를 메었고 그의 이름은 기묘자라, 모사라, 전능하신 하나님이라 
119|성탄절(1)|영존하시는 아버지라, 평강의 왕이라 할 것임이라 
119|성탄절(1)|그 정사와 평강의 더함이 무궁하며 
119|성탄절(1)|또 다윗의 왕좌와 그의 나라에 군림하여 그 나라를 굳게 세우고 
119|성탄절(1)|지금 이후로 영원히 정의와 공의로 그것을 보존하실 것이라(사9:6-7상) 
119|성탄절(1)|천사가 이르되 무서워하지 말라 보라 내가 온 백성에게 미칠 큰 기쁨의 좋은 소식을 너희에게 전하노라 
119|성탄절(1)|오늘 다윗의 동네에 너희를 위하여 구주가 나셨으니 곧 그리스도 주시니라(눅2:10-11)
120|성탄절(2)|찬송하리로다 주 이스라엘의 하나님이여 그 백성을 돌보사 속량하시며 
120|성탄절(2)|우리를 위하여 구원의 뿔을 그 종 다윗의 집에 일으키셨으니 
120|성탄절(2)|이것은 주께서 예로부터 거룩한 선지자의 입으로 말씀하신 바와 같이 
120|성탄절(2)|우리 원수에게서와 우리를 미워하는 모든 자의 손에서 구원하시는 일이라 
120|성탄절(2)|우리 조상을 긍휼히 여기시며 그 거룩한 언약을 기억하셨으니 
120|성탄절(2)|곧 우리 조상 아브라함에게 하신 맹세라 
120|성탄절(2)|우리가 원수의 손에서 건지심을 받고 종신토록 주의 앞에서 
120|성탄절(2)|성결과 의로 두려움이 없이 섬기게 하리라 하셨도다(눅1:68-75) 
120|성탄절(2)|이는 우리 하나님의 긍휼로 인함이라 이로써 돋는 해가 위로부터 우리에게 임하여 
120|성탄절(2)|어둠과 죽음의 그늘에 앉은 자에게 비치고 우리 발을 평강의 길로 인도하시리로다
120|성탄절(2)|그러므로 주께서 친히 징조를 너희에게 주실 것이라 
120|성탄절(2)|보라 처녀가 잉태하여 아들을 낳을 것이요 그의 이름을 임마누엘이라 하리라
121|주현절(1)|여호와여 주의 인자하심이 하늘에 있고 
121|주현절(1)|주의 진실하심이 공중에 사무쳤으며 
121|주현절(1)|주의 의는 하나님의 산들과 같고 주의 심판은 큰 바다와 같으니이다 
121|주현절(1)|여호와여 주는 사람과 짐승을 구하여 주시나이다 
121|주현절(1)|하나님이여 주의 인자하심이 어찌 그리 보배로우신지요 
121|주현절(1)|사람들이 주의 날개 그늘 아래에 피하나이다 
121|주현절(1)|그들이 주의 집에 있는 살진 것으로 풍족할 것이라 
121|주현절(1)|주께서 주의 복락의 강물을 마시게 하시리이다 
121|주현절(1)|진실로 생명의 원천이 주께 있사오니 
121|주현절(1)|주의 빛 안에서 우리가 빛을 보리이다 
121|주현절(1)|주를 아는 자들에게 주의 인자하심을 계속 베푸시며 
121|주현절(1)|마음이 정직한 자에게 주의 공의를 베푸소서(시36:5-10)
122|주현절(2)|내가 전심으로 주께 감사하며 
122|주현절(2)|신들 앞에서 주께 찬송하리이다 
122|주현절(2)|내가 주의 성전을 향하여 예배하며 주의 인자하심과 성실하심으로 말미암아 주의 이름에 감사하오리니 
122|주현절(2)|이는 주께서 주의 말씀을 주의 모든 이름보다 높게 하셨음이라(시138:1-2) 
122|주현절(2)|여호와여 세상의 모든 왕들이 주께 감사할 것은 그들이 주의 입의 말씀을 들음이오며 
122|주현절(2)|그들이 여호와의 도를 노래할 것은 여호와의 영광이 크심이니이다 
122|주현절(2)|여호와께서는 높이 계셔도 낮은 자를 굽어살피시며 멀리서도 교만한 자를 아심이니이다
122|주현절(2)|여호와께서 나를 위하여 보상해 주시리이다 여호와여 주의 인자하심이 
122|주현절(2)|영원하오니 주의 손으로 지으신 것을 버리지 마옵소서(시138:8)
123|주현절(3)|거룩하다 거룩하다 거룩하다 주 하나님 곧 전능하신 이여 전에도 계셨고 이제도 계시고 장차 오실 이시라(계4:8하) 
123|주현절(3)|주 하나님 곧 전능하신 이시여 하시는 일이 크고 놀라우시도다 만국의 왕이시여 주의 길이 의롭고 참되시도다 
123|주현절(3)|주여 누가 주의 이름을 두려워하지 아니하며 영화롭게 하지 아니하오리이까 
123|주현절(3)|오직 주만 거룩하시니이다 주의 의로우신 일이 나타났으매 만국이 와서 주께경배하리이다
123|주현절(3)|우리 주 하나님이여 영광과 존귀와 권능을 받으시는 것이 합당하오니 주께서 만물을 지으신지라 
123|주현절(3)|만물이 주의 뜻대로 있었고 또 지으심을 받았나이다(계4:11) 
123|주현절(3)|보좌에 앉으신 이와 어린 양에게 찬송과 존귀와 영광과 권능을 세세토록 돌릴지어다
123|주현절(3)|아멘 찬송과 영광과 지혜와 감사와 존귀와 권능과 힘이 우리 하나님께 세세토록 있을지어다 아멘(계7:12)
124|사순절(1)|내 하나님이여 내 하나님이여 어찌 나를 버리셨나이까 
124|사순절(1)|어찌 나를 멀리 하여 돕지 아니하시오며 내 신음 소리를 듣지 아니하시나이까 
124|사순절(1)|내 하나님이여 내가 낮에도 부르짖고 밤에도 잠잠하지 아니하오나 응답하지 아니하시나이다 
124|사순절(1)|이스라엘의 찬송 중에 계시는 주여 주는 거룩하시니이다 
124|사순절(1)|우리 조상들이 주께 의뢰하고 의뢰하였으므로 그들을 건지셨나이다 
124|사순절(1)|그들이 주께 부르짖어 구원을 얻고 주께 의뢰하여 수치를 당하지 아니하였나이다(시22:1-5) 
124|사순절(1)|나를 멀리 하지 마옵소서 환난이 가까우나 도울 자 없나이다(시22:11) 
124|사순절(1)|악한 무리가 나를 둘러 내 수족을 찔렀나이다 
124|사순절(1)|내가 내 모든 뼈를 셀 수 있나이다 그들이 나를 주목하여 보고 내 겉옷을 나누며 속옷을 제비 뽑나이다 
124|사순절(1)|여호와여 멀리 하지 마옵소서 나의 힘이시여 속히 나를 도우소서(시22:16하-19) 
124|사순절(1)|나를 사자의 입에서 구하소서 주께서 내게 응답하시고 들소의 뿔에서 구원하셨나이다 
124|사순절(1)|내가 주의 이름을 형제에게 선포하고 회중 가운데에서 주를 찬송하리이다 
124|사순절(1)|여호와를 두려워하는 너희여 그를 찬송할지어다 
124|사순절(1)|야곱의 모든 자손이여 그에게 영광을 돌릴지어다 너희 이스라엘 모든 자손이여 그를 경외할지어다(시22:21-23)
125|사순절(2)|하나님이여 사슴이 시냇물을 찾기에 갈급함같이 
125|사순절(2)|내 영혼이 주를 찾기에 갈급하니이다 
125|사순절(2)|내 영혼이 하나님 곧 살아 계시는 하나님을 갈망하나니 
125|사순절(2)|내가 어느 때에 나아가서 하나님의 얼굴을 뵈올까 
125|사순절(2)|사람들이 종일 내게 하는 말이 네 하나님이 어디 있느뇨 하오니 
125|사순절(2)|내 눈물이 주야로 내 음식이 되었도다(시42:1-3) 
125|사순절(2)|내 영혼아 네가 어찌하여 낙심하며 어찌하여 내 속에서 불안해 하는가 
125|사순절(2)|너는 하나님께 소망을 두라 그가 나타나 도우심으로 말미암아 내가 여전히 찬송하리로다
125|사순절(2)|낮에는 여호와께서 그의 인자하심을 베푸시고 
125|사순절(2)|밤에는 그의 찬송이 내게 있어 생명의 하나님께 기도하리로다 
125|사순절(2)|내 반석이신 하나님께 말하기를 어찌하여 나를 잊으셨나이까 
125|사순절(2)|내가 어찌하여 원수의 압제로 말미암아 슬프게 다니나이까 하리로다 
125|사순절(2)|내 뼈를 찌르는 칼같이 내 대적이 나를 비방하여 늘 내게 말하기를 
125|사순절(2)|네 하나님이 어디 있느냐 하도다 
125|사순절(2)|내 영혼아 네가 어찌하여 낙심하며 어찌하여 내 속에서 불안해 하는가 
125|사순절(2)|너는 하나님께 소망을 두라 나는 그가 나타나 도우심으로 말미암아 내 하나님을 여전히 찬송하리로다(시42:8-11)
126|사순절(3)|여호와여 나의 영혼이 주를 우러러보나이다 
126|사순절(3)|나의 하나님이여 내가 주께 의지하였사오니 나를 부끄럽지 않게 하시고 
126|사순절(3)|나의 원수들이 나를 이겨 개가를 부르지 못하게 하소서 
126|사순절(3)|주를 바라는 자들은 수치를 당하지 아니하려니와 까닭 없이 속이는 자들은 수치를 당하리이다 
126|사순절(3)|여호와여 주의 도를 내게 보이시고 주의 길을 내게 가르치소서 
126|사순절(3)|주의 진리로 나를 지도하시고 교훈하소서 주는 내 구원의 하나님이시니 내가 종일 주를 기다리나이다 
126|사순절(3)|여호와여 주의 긍휼하심과 인자하심이 영원부터 있었사오니 
126|사순절(3)|주여 이것들을 기억하옵소서 
126|사순절(3)|여호와여 내 젊은 시절의 죄와 허물을 기억하지 마시고 
126|사순절(3)|주의 인자하심을 따라 주께서 나를 기억하시되 주의 선하심으로 하옵소서 
126|사순절(3)|여호와는 선하시고 정직하시니 그러므로 그의 도로 죄인들을 교훈하시리로다 
126|사순절(3)|온유한 자를 정의로 지도하심이여 온유한 자에게 그의 도를 가르치시리로다 
126|사순절(3)|(다같이) 여호와의 모든 길은 그의 언약과 증거를 지키는 자에게 인자와 진리로다
127|사순절(4)|여호와를 자기 하나님으로 삼은 나라 곧 하나님의 기업으로 선택된 백성은 복이 있도다 
127|사순절(4)|여호와께서 하늘에서 굽어보사 모든 인생을 살피심이여 
127|사순절(4)|곧 그가 거하시는 곳에서 세상의 모든 거민들을 굽어살피시는도다 
127|사순절(4)|그는 그들 모두의 마음을 지으시며 그들이 하는 일을 굽어살피시는 이로다 
127|사순절(4)|많은 군대로 구원 얻은 왕이 없으며 용사가 힘이 세어도 스스로 구원하지 못하는도다
127|사순절(4)|우리 영혼이 여호와를 바람이여 그는 우리의 도움과 방패시로다 
127|사순절(4)|우리 마음이 그를 즐거워함이요 우리가 그의 성호를 의지하였기 때문이로다 
127|사순절(4)|여호와여 우리가 주께 바라는 대로 주의 인자하심을 우리에게 베푸소서(시 33:20-22) 
128|사순절(5)|나의 영혼이 잠잠히 하나님만 바람이여 나의 구원이 그에게서 나오는도다 
128|사순절(5)|오직 그만이 나의 반석이시오 나의 구원이시오 나의 요새이시니 내가 크게 흔들리지 아니하리로다 
128|사순절(5)|넘어지는 담과 흔들리는 울타리같이 사람을 죽이려고 너희가 일제히 공격하기를 언제까지 하려느냐 
128|사순절(5)|그들이 그를 그의 높은 자리에서 떨어뜨리기만 꾀하고 거짓을 즐겨 하니 입으로는 축복이요 속으로는 저주로다 
128|사순절(5)|나의 영혼아 잠잠히 하나님만 바라라 무릇 나의 소망이 그로부터 나오는도다 
128|사순절(5)|오직 그만이 나의 반석이시오 나의 구원이시오 나의 요새이시니 내가 흔들리지 아니하리로다 
128|사순절(5)|나의 구원과 영광이 하나님께 있음이여 내 힘의 반석과 피난처도 하나님께 있도다 
128|사순절(5)|백성들아 시시로 그를 의지하고 그의 앞에 마음을 토하라 하나님은 우리의 피난처시로다(시 62:1-8)
129|종려주일|시온의 딸아 크게 기뻐할지어다 
129|종려주일|예루살렘의 딸아 즐거이 부를지어다 
129|종려주일|보라 네 왕이 네게 임하시나니 그는 공의로우시며 구원을 베푸시며 
129|종려주일|겸손하셔서 나귀를 타시나니 나귀의 작은 것 곧 나귀 새끼니라 
129|종려주일|내가 에브라임의 병거와 예루살렘의 말을 끊겠고 
129|종려주일|전쟁하는 활도 끊으리니 그가 이방 사람에게 화평을 전할 것이요 
129|종려주일|그의 통치는 바다에서 바다까지 이르고 
129|종려주일|유브라데 강에서 땅 끝까지 이르리라(슥 9:9-10) 
129|종려주일|앞에서 가고 뒤에서 따르는 무리가 소리 높여 이르되 
129|종려주일|호산나 다윗의 자손이여 찬송하리로다 
129|종려주일|(다같이) 주의 이름으로 오시는 이여 가장 높은 곳에서 호산나 하더라(마 21:9)
130|고난주간(1)|이튿날 요한이 예수께서 자기에게 나아오심을 보고 이르되 
130|고난주간(1)|보라 세상이 죄를 지고 가는 하나님의 어린 양이로다(요 1:29) 
130|고난주간(1)|그 날에 죄와 더러움을 씻는 샘이 
130|고난주간(1)|다윗의 족속과 예루살렘 주민을 위하여 열리리라(슥 13:1) 
130|고난주간(1)|이러므로 나의 마음이 기쁘고 나의 영도 즐거워하며 내 육체도 안전히 살리니 
130|고난주간(1)|이는 주께서 내 영혼을 스올에 버리지 아니하시며 주의 거룩한 자를 멸망시키지 않으실 것임이니이다 
130|고난주간(1)|주께서 생명의 길을 내게 보이시리니 
130|고난주간(1)|주의 앞에는 충만한 기쁨이 있고 주의 오른쪽에는 영원한 즐거움이 있나이다(시 16:9-11) 
130|고난주간(1)|(다같이) 큰 음성으로 이르되 죽임을 당하신 어린 양은 능력과 부와 지혜와 힘과 존귀와 영광과 찬송을 받으시기에 합당하도다 하더라(계 5:12)
131|고난주간(2)|우리가 전한 것을 누가 믿었느냐 
131|고난주간(2)|여호와의 팔이 누구에게 나타났느냐 
131|고난주간(2)|그는 주 앞에서 자라나기를 연한 순 같고 마른 땅에서 나온 뿌리 같아서 
131|고난주간(2)|고운 모양도 없고 풍채도 없은즉 우리가 보기에 흠모할 만한 아름다운 것이 없도다 
131|고난주간(2)|그는 멸시를 받아 사람들에게 버림 받았으며 
131|고난주간(2)|간고를 많이 겪었으며 질고를 아는 자라(사 53:1-3상) 
131|고난주간(2)|그는 실로 우리의 질고를 지고 우리의 슬픔을 당하였거늘 
131|고난주간(2)|우리는 생각하기를 그는 징벌을 받아 하나님께 맞으며 고난을 당한다 하였노라 
131|고난주간(2)|그가 찔림은 우리의 허물 때문이요 
131|고난주간(2)|그가 상함은 우리의 죄악 때문이라 
131|고난주간(2)|그가 징계를 받으므로 우리는 평화를 누리고 
131|고난주간(2)|그가 채찍에 맞으므로 우리는 나음을 받았도다 
131|고난주간(2)|우리는 다 양 같아서 그릇 행하여 각기 제 길로 갔거늘 
131|고난주간(2)|여호와께서는 우리 모두의 죄악을 그에게 담당시키셨도다(사 53:4-6)
132|고난주간(3)|이에 예수께서 제자들에게 이르시되 누구든지 나를 따라오려거든 
132|고난주간(3)|자기를 부인하고 자기 십자가를 지고 나를 따를 것이니라(마 16:24) 
132|고난주간(3)|이를 위하여 너희가 부르심을 받았으니 그리스도도 너희를 위하여 고난을 받으사 
132|고난주간(3)|너희에게 본을 끼쳐 그 자취를 따라오게 하려 하셨느니라 
132|고난주간(3)|그는 죄를 범하지 아니하시고 그 입에 거짓도 없으시며 욕을 당하시되 맞대어 욕하지 아니하시고 
132|고난주간(3)|고난을 당하시되 위협하지 아니하시고 오직 공의로 심판하시는 이에게 부탁하시며 
132|고난주간(3)|친히 나무에 달려 그 몸으로 우리 죄를 담당하셨으니 
132|고난주간(3)|이는 우리로 죄에 대하여 죽고 의에 대하여 살게 하려 하심이라 
132|고난주간(3)|그가 채찍에 맞음으로 너희는 나음을 얻었나니 
132|고난주간(3)|너희가 전에는 양과 같이 길을 잃었더니 이제는 너희 영혼의 못자와 감독 되신 이에게 돌아왔느니라(벧전 2:21-25
133|부활절 (1)|하나님께서 그를 사망의 고통에서 풀어 살리셨으니 
133|부활절 (1)|이는 그가 사망에 매여 있을 수 없었음이라(행 2:24) 
133|부활절 (1)|우리 주 예수 그리스도로 말미암아 우리에게 승리를 주시는 하나님께 감사하노니 
133|부활절 (1)|그러므로 내 사랑하는 형제들아 견실하며 흔들리지 말고 항상 주의 일에 더욱 힘쓰는 자들이 되라(고전 15:57-58상) 
133|부활절 (1)|이 말을 할 때에 예수께서 친히 그들 가운데 서서 이르시되 너희에게 평강이 있을지어다 하시니 
133|부활절 (1)|그들이 놀라고 무서워하여 그 보는 것을 영으로 생각하는지라 
133|부활절 (1)|예수께서 이르시되 어찌하여 두려워하며 어찌하여 마음에 의심이 일어나느냐 
133|부활절 (1)|내 손과 발을 보고 나인 줄 알라 또 나를 만져 보라 
133|부활절 (1)|영은 살과 뼈가 없으되 너희 보는 바와 같이 나는 있느니라(눅 24:36-39) 
133|부활절 (1)|그러나 이제 그리스도께서 죽은 자 가운데서 다시 살아나사 잠자는 자들의 첫 열매가 되셨도다(고전 15:20) 
133|부활절 (1)|예수께서 이르시되 나는 부활이요 생명이니 나를 믿는 자는 죽어도 살겠고 무릇 살아서 나를 믿는 자는 영원히 죽지 아니하리니 이것을 네가 믿느냐 
133|부활절 (1)|이르되 주여 그러하외다 주는 그리스도시오 세상에 오시는 하나님의 아들이신 줄 내가 믿나이다(요 11:25-27) 
134|부활절(2)|내가 받은 것을 먼저 너희에게 전하였노니 이는 성경대로 그리스도께서 우리 죄를 위하여 죽으시고 
134|부활절(2)|장사 지낸 바 되셨다가 성경대로 사흘 만에 다시 살아나사 게바에게 보이시고 
134|부활절(2)|후에 열두 제자에게와 그 후에 오백여 형제에게 일시에 보이셨나니 
134|부활절(2)|그 중에 지금까지 대다수는 살아 있고 어떤 사람은 잠들었으며 그 후에 야고보에게 보이셨으며 
134|부활절(2)|그 후에 모든 사도에게와 맨 나중에 만삭되지 못하여 난 자 같은 내게도 보이셨느니라(고전 15:3-8) 
134|부활절(2)|그리스도께서 만일 다시 살아나지 못하셨으면 우리가 전파하는 것도 헛것이요 또 너희 믿음도 헛것이며(고전 15:14) 
134|부활절(2)|만일 그리스도 안에서 우리가 바라는 것이 다만 이 세상의 삶뿐이면 모든 사람 가운데 우리가 더욱 불쌍한 자이리라 
134|부활절(2)|그러나 이제 그리스도께서 죽은 자 가운데서 다시 살아나사 잠자는 자들의 첫 열매가 되셨도다(고전 15:19-20) 
135|성령강림(1)|그의 위에 여호와의 영 곧 지혜와 총명의 영이요 모략과 재능의 영이요 
135|성령강림(1)|지식과 여호와를 경외하는 영이 강림하시리니(사 11:2) 
135|성령강림(1)|오직 하나님이 성령으로 이것을 우리에게 보이셨으니 
135|성령강림(1)|성령은 모든 것 곧 하나님의 깊은 것까지도 통달하시느니라(고전 2:10) 
135|성령강림(1)|내가 아버지께 구하겠으니 그가 또 다른 보혜사를 너희에게 주사 
135|성령강림(1)|영원토록 너희와 함께 있게 하리니 그는 진리의 영이라(요 14:16-17상) 
135|성령강림(1)|보혜사 곧 아버지께서 내 이름으로 보내실 성령 그가 너희에게 모든 것을 가르치고 
135|성령강림(1)|내가 너희에게 말한 모든 것을 생각나게 하리라(요 14:26) 
135|성령강림(1)|오직 성령이 너희에게 임하시면 너희가 권능을 받고 
135|성령강림(1)|예루살렘과 온 유대와 사마리아와 땅 끝까지 이르러 내 증인이 되리라 하시니라(행 1:8) 
136|성령강림(2)|그 후에 내가 영을 만민에게 부어 주리니 
136|성령강림(2)|너희 자녀들이 장래 일을 말할 것이며 
136|성령강림(2)|너희 늙은이는 꿈을 꾸며 너희 젊은이는 이상을 볼 것이며 
136|성령강림(2)|그 때에 내가 또 내 영을 남종과 여종에게 부어 줄 것이며 
136|성령강림(2)|내가 이적을 하늘과 땅에 베풀리니 곧 피와 불과 연기 기둥이라 
136|성령강림(2)|여호와의 크고 두려운 날이 이르기 전에 
136|성령강림(2)|해가 어두워지고 달이 핏빛같이 변하려니와 
136|성령강림(2)|누구든지 여호와의 이름을 부르는 자는 구원을 얻으리니 
136|성령강림(2)|이는 나 여호와의 말대로 시온 산과 예루살렘에서 피할 자가 있을 것임이요 
136|성령강림(2)|남은 자 중에 나 여호와의 부름을 받을 자가 있을 것임이니라(욜 2:28-32) 
137|삼위일체|예수께서 세례를 받으시고 곧 물에서 올라오실새 하늘이 열리고 
137|삼위일체|하나님의 성령이 비둘기같이 내려 자기 위에 임하심을 보시더니 
137|삼위일체|하늘로부터 소리가 있어 말씀하시되 
137|삼위일체|이는 내 사랑하는 아들이요 내 기뻐하는 자라 하시니라(마 3:16-17) 
137|삼위일체|그러므로 너희는 가서 모든 민족을 제자로 삼아 아버지와 아들과 성령의 이름으로 세례를 베풀고 
137|삼위일체|내가 너희에게 분부한 모든 것을 가르쳐 지키게 하라 
137|삼위일체|볼지어다 내가 세상 끝날까지 너희와 항상 함께 있으리라 하시니라(마 28:19-20) 
137|삼위일체|몸이 하나요 성령도 한 분이시니 이와 같이 너희가 부르심의 한 소망 안에서 부르심을 받았느니라 
137|삼위일체|주도 한 분이시오 믿음도 하나요 세례도 하나요 하나님도 한 분이시니 
137|삼위일체|곧 만유의 아버지시라 만유 위에 계시고 만유를 통일하시고 만유 가운데 계시도다(엡 4:4-6) 
